1,ส้มตำปลาร้ามังสวิรัติ,"พริกจินดาแดง 3 เม็ด, พริกขี้หนูแห้ง 3 เม็ด, กระเทียมไทยแกะเปลือก 5 กลีบ, เกลือสมุทร 1/4 ช้อนชา, ถั่วฝักยาว 2 ฝัก, มะเขือเทศสีดา 2 ลูก, มะเขือเปราะ 1 ลูก, น้ำปลาร้าเจ 1/2 ช้อนโต๊ะ, น้ำตาลมะพร้าว 1/2 ช้อนชา, ซีอิ๊วญี่ปุ่น 1 ช้อนชา, มะนาว 2 ชิ้น, มะละกอ 2 ถ้วย",70,15.6,1.6,0.2,3.38,702.63
2,ทุเรียนทอด,ทุเรียน 100 กรัม น้ำมันปาล์ม 200 มิลลิลิตร,74,13,1,2,0.87,78
3,สุกี้น้ำ,"วุ้นเส้น 300 กรัม, เห็ดฟาง 20 กรัม, เห็ดหอมสด 20 กรัม, เห็ดหูหนู 20 กรัม, เห็ดเข็มทอง 30 กรัม, ผักกาดขาว 20 กรัม, ขึ้นฉ่าย 1 ต้น, เต้าหู้เหลือง 70 กรัม, น้ำสต๊อกผัก 1 ถ้วยตวง, ซีอิ๊วขาวสูตรเจ 1 ช้อนโต๊ะ, น้ำมันงา 1 ช้อนโต๊ะ, ผักบุ้ง 50 กรัม, ลูกชิ้นรักบี้ทรงเครื่องเจ 5 ชิ้น, ไข่แผ่นเจ 10 ชิ้น",261,41,12,5.5,9.57,747
4,แกงเลียง,"บวบ 70 กรัม, ฟักทอง 3-4 ชิ้น, ยอดอ่อนผักหวาน 4-5 ยอด, เห็ดหูหนู 30 กรัม, เห็ดเข็ม 30 กรัม, เห็ดออรินจิ 30 กรัม, ข้าวโพดอ่อน 20 กรัม, พริกขี้หนู 20 กรัม, พริกไทยเม็ด 30 กรัม, ตะไคร้ 10 กรัม, กะปิเจ 100 กรัม, น้ำตาลทราย 1 ช้อนโต๊ะ, ซีอิ๊วขาวเจ 1 ช้อนโต๊ะ, เกลือ 1 ช้อนชา",115,21,6,1,9.75,800
5,แกงจืดฟัก,"ฟักเขียว 4 ชิ้น, อกไก่ 250 กรัม, แครอท 3-4 ชิ้น, กระเทียม 3 หัว, พริกไทยเม็ด 1 ช้อนชา, รากผักชี 2-3 ต้น, น้ำตาล 1 ช้อนโต๊ะ, ซีอิ้วขาว 2-3 ช้อนโต๊ะ, เกลือ 1 ช้อนชา, ผงปรุงรส 1 ช้อนชา",90,3.8,19,8.2,2.7,1265
6,ยำวุ้นเส้นเจ,"ปลาหมึกเจ 200 กรัม, กุ้งเจ 50 กรัม, เห็ดหูหนูขาว 50 กรัม, แครอท 30 กรัม, วุ้นเส้น 500 กรัม, กรัมซีอิ๊วขาว 1/2 ช้อนโต๊ะ, น้ำมะนาว 2 ช้อนโต๊ะ, น้ำตาลทราย 2 ช้อนชา, พริกสดสีแดง 7 เม็ด, มะเขือเทศ 50 กรัม, ขึ้นฉ่าย 1 ต้น, ถั่วลิสงคั่ว 20 กรัม",145,30,4.6,0.4,7.3,760
7,ทอดมัน,"เต้าหู้แข็ง 1/2 ก้อน, เห็ดออรินจิ 120 กรัม, รากผักชี 1-2 ราก, พริกไทยป่น 1/2 ช้อนชา, ดอกเกลือ 1/4 ช้อนชา, น้ำตาลทราย 1 ช้อนชา, แป้งมัน 2 ช้อนโต๊ะ, แป้งหมี่กึน 2 ช้อนโต๊ะ, แป้งมัน 2 ช้อนโต๊ะ, น้ำเปล่า 100 มิลลิลิตร, เกล็ดขนมปัง 1 ถุง, น้ำมัน 500 มิลลิลิตร",85,0.2,20,0.5,6.1,470
8,ข้าวผัดขิง,"ข้าวสุก 500 กรัม, ขิง 1 ถ้วย, ซีอิ๊ว 2 ช้อนโต๊ะ, ซอสเห็ดหอม 1 ช้อนโต๊ะ, พริกไทย 1/2 ช้อนชา, น้ำตาลทราย 1/2 ช้อนชา",97,17.04,3.8,1.26,7.38,520
9,ผัดถั่วงอกใส่เต้าหู้,"ถั่วงอก 300 กรัม, เต้าหู้ทอดหั่นเต๋า 5-6 ชิ้น, ขึ้นฉ่าย 3 ต้น, กระเทียมสับ 100 กรัม, พริกแดงจินดา 2 เม็ด, ซีอิ๊วขาวเห็ดหอม 1 ช้อนโต๊ะ, ซอสเห็ดหอม 1/2 ช้อนโต๊ะ, น้ำตาล 1/2 ช้อนชา, พริกไทยป่น 1/4 ช้อนชา",114,16.8,13.8,1,4.2,600
10,ปลาเจี๋ยนราดซอส,"ปลาเจ 2-3 ชิ้น, ขิงซอย 30 กรัม, คึ่นฉ่าย 1-2 ต้น, พริกชี้ฟ้า 1-2 เม็ด, เต้าเจี้ยว 1/2 ช้อนโต๊ะ, น้ำตาลปี๊บ 1 ช้อนโต๊ะ, ซอสเห็ดหอม 2 ช้อนโต๊ะ, ดอกเกลือเล็กน้อย, น้ำมะขามเปึยก 4 ช้อนโต๊ะ, น้ำเปล่า 1/2 ถ้วยตวง, น้ำมันพืช 2 ช้อนโต๊ะ, แป้งมันฮ่องกง 1-2 ช้อนโต๊ะ",166,2,187,5,29,1300
11,ซุปข้าวโพด,เนย 2-3 ช้อนโต๊ะ หอมใหญ่สับ 80 กรัม ข้าวโพดหวาน 2 ถ้วยตวง นมสด หรือ วิปปิ้งครีม 2 ถ้วยตวง น้ำเปล่า หรือ น้ำซุป เกลือ พริกไทยดำ,140,30,50,50,0.93,300
12,แกงเห็ด,เห็ดออรินจิ หั่นชิ้น ตามชอบ3 ดอก เห็ดนางฟ้าภูฐาน หั่น/ฉีก1 แพ็ค ฟักทอง หั่นชิ้นพอคำ10 ชิ้น ยอดชะอม4 กิ่ง ใบแมงลัก  2 กิ่ง น้ำย่านาง 300 มล. ซีอิ๊วขาว1 ชต. หอมแดง (โขลกพริกแกง)3 หัว,206,35,15,3.7,5.2,1253
13,ขาเห็ดเจ,หมี่กึ๊น 5 เส้น ขาเห็ดทรงเครื่อง 300 กรัม เครื่องพะโล้ 1 ชุด น้ำตาลปี๊บ 2 ช้อนโต๊ะ ดอกเกลือ 1 ช้อนชา ซี่อิ้วดำ 1-2 ช้อนโต๊ะ พริกไทยดำ 1 ช้อนชา ผักชี 2-3 ต้น แป้งมัน 2 ช้อนโต๊ะ น้ำเปล่า 1 ลิตร,78,6.2,3.1,5.4,1.7,248.9
14,ผัดไทยเจ,ก๋วยเตี๋ยวเส้นจันท์ 400 กรัม ซอสมะขามเจสูตรสำเร็จ 180 กรัม หัวไชโป๊วหวานสับ 40 กรัม พริกผัดไทย 40 กรัม เต้าหู้แข็งหั่นเต๋าทอดกรอบ 80 กรัม ถั่วฝักยาว ลวกพอสุก  กรัม ถั่วงอกดิบ 240 กรัม ถั่วลิสงคั่ว บุบหยาบ 60 กรัม น้ำมันพืช 60 กรัม น้ำสะอาดสำหรับผัดเส้น หัวปลี มะนาวผ่าซีก ฟองเต้าหู้ โปรตีนเกษตรทอดกรอบ ผักชีเด็ดใบ สำหรับตกแต่ง พริกชี้ฟ้าแดงซอยฝอย สำหรับตกแต่ง,480,31,11,15,3.1,1886
15,ก๋วยเตี๋ยวราดหน้าเส้นใหญ่ ,ก๋วยเตี๋ยวเส้นใหญ่ 300 กรัม ซีอิ๊วดำ 2 ช้อนชา กระเทียม 4 กลีบ น้ำมันพืช 1 ช้อนโต๊ะ ไข่ไก่ 1 ฟอง แป้งมัน 2 ช้อนชา ผักรวม ผักคะน้า 3 ต้น แครอท 1/4 หัว กะหล่ำดอก 1/4 หัว เห็ดออรินจิ 50 กรัม เห็ดชิเมจิ 50 กรัม เห็ดหอมสด 4 หัว,510,61,17,22,6.5,2140
16,แกงจืดไข่น้ำ,ไข่ไก่ 3 ฟอง ขึ้นฉ่าย 20 กรัม  หอมหัวใหญ่ 70 กรัม ต้นหอม 20 กรัม น้ำเปล่า 750 มิลลิลิตร  เต้าหู้ไข่หั่นท่อน 140 กรัม ซีอิ๊วขาว 1 ช้อนโต๊ะ ซอสปรุงรส 1 ช้อนโต๊ะ น้ำมันพืช 2 ช้อนโต๊ะ พริกไทยป่น 1 ช้อนชา กระเทียมทุบ 1 กลีบ,495,7.2,28.3,39,3.6,501.5
17,เต้าหู้ทรงเครื่อง,เต้าหู้ขาวแข็ง บลอกโคลี ตามที่ต้องการ แครอทหั่นเต๋า ครึ่งหัว ข้าวโพด 50 กรัม น้ำเปล่า 6 ช้อนโต๊ะ ซีอิ๊วขาว ครึ่งช้อนโต๊ะ ซอสเห็ดหอม 2 ช้อนโต๊ะ น้ำตาลทราย ครึ่งช้อนโต๊ะ แป้งข้าวโพด 1 ช้อนชา ,164,10,10,7,4.4,750
18,สลัดโรล,เต้าหู้แข็ง ครึ่งก้อน น้ำมันพืช 1 ช้อนโต๊ะ ซีอิ๊วเห็ดหอม 1 ช้อนโต๊ะ น้ำตาลทราย 1 ช้อนชา เห็ดเข็มทอง  ใบโหระพา ใบเมี่ยง แครอท กะหล่ำปลี  ผักชีฝรั่ง,585,9,10,4,5,4.4
19,ห่อหมก,เห็ดนางฟ้า ครึ่งกิโลกรัม ไข่ไก่ 2 ฟอง พริกแดงจินดา 10 เม็ด ใบแมงลัก 2 ถ้วยตวง  ใบมะกรูดซอย 3 ใบ น้ำปลา 2 ช้อนโต๊ะ ตะไคร้ซอย 4 ต้น หอมแดง 5 หัว,400,0,20,15,3.1,460
20,กะเพรามังสวิรัติ,ใบกะเพรา 2 ขีด เห็ดออรินจิ 3 ขีด น้ำตาล 1 ช้อนชา ซีอิ๊วขาว 1 ช้อนโต๊ะ น้ำมันพืช 1 ช้อนโต๊ะ หมูสับเจ 1 ขีด พริกขี้หนู 6 เม็ด,210,54,13,11,5,434
21,น้ำพริกกะปิมังสวิรัติ,พริกขี้หนูสวนเขียวและแดง 15 เม็ด กระเทียมไทยแกะเปลือก 10 กลีบ เกลือสมุทร 1/4 ช้อนชา กะปิเจย่าง 2 ช้อนโต๊ะ มะกรูดเอาแต่เนื้อ 1 ลูก มะเขือพวง 1 ช้อนโต๊ะ น้ำตาลมะพร้าว 2 ช้อนชา น้ำมะนาว 2 ช้อนชา น้ำอุ่น 2 ช้อนโต๊ะ มะเขือพวงและพริกขี้หนูสวนเขียวแดงสำหรับโรยหน้า ถั่วพู แตงกวา มะเขือเปราะ ถั่วฝักยาว และมะเขือยาวทอด สำหรับจัดเสิร์ฟ,153,23.3,12.2,1.6,3.5,278.5
22,แกงไตปลามังสวิรัติ,พริกแกงไตปลาสำเร็จรูป 50 กรัม กระเทียมไทยแกะเปลือก 15 กลีบ หอมแดงซอย 1/4 ถ้วย ฟักทองหั่นชิ้นพอคำ 1 ถ้วย ถั่วฟักยาวหั่นท่อน 1 นิ้ว  2 ฝัก หน่อไม้รวกดองหั่นท่อน 3 เส้น มะเขือพวง 1/2 ถ้วย มะเขือเปราะผ่าสี่ 3 ลูก ใบมะกรูดฉีด 3 ใบ น้ำตาลมะพร้าว 1/2 ช้อนชา น้ำมะขามเปียก 1/2 ช้อนโต๊ะ เกลือสมุทร 1/4 ช้อนชา ถั่วพู แตงกวา ถั่วฝักยาว มะเขือเปราะ,120,9,15,3,0,489
23,ยำใหญ่มังสวิรัติ,"วัตถุดิบ เต้าหู้ขาวแข็ง (ก้อนละ 95 กรัม) 2 ก้อน แตงกวาผ่าครึ่งหั่นเฉียง 2 ลูก หอมใหญ่ (หัวละ 150 กรัม) หั่นเสี้ยว ½ หัว มะเขือเทศราชินีหั่นเสี้ยว 1/3 ถ้วย ผักกาดหอมเด็ดใบ 1 ถ้วย ต้นหอมหั่นท่อนขนาด 1 ซม. 2 ต้น ใบผักชี ¼ ถ้วย ขึ้นฉ่ายหั่นท่อน 1/3 ถ้วย ใบสะระแหน่ ¼ ถ้วย กระเทียมดองซอย 2 หัว วุ้นเส้นแห้งแช่น้ำจนนุ่มหั่นท่อน 1 ถ้วย

น้ำยำ (ปริมาณ ¾ ถ้วย) ซีอิ๊วขาว 1 ช้อนโต๊ะ ซอสปรุงรส 1 ช้อนโต๊ะ เกลือสมุทร 1 ช้อนชา น้ำตาลปี๊บ 1 ช้อนโต๊ะ นํ้าตาลทราย 1 ช้อนชา ถั่วลิสงคั่วบดละเอียด กรัม นํ้ามะนาว 2 ช้อนโต๊ะ+1 ช้อนชา นํ้ากระเทียมดอง ¼ ถ้วย พริกขี้หนูสีแดงโขลก 4 เม็ด",130,4,16,5,7.4,570
24,พล่าเต้าหู้ดำ,"วัตถุดิบ เต้าหู้ดำ หรือเต้าหู้ขาวแข็งหั่นเต๋า ขนาด 1 นิ้ว1 ก้อน ใบมะกรูดซอย 1 ช้อนโต๊ะ ตะไคร้ซอย 2 ช้อนโต๊ะ หอมแดงซอย 2 ช้อนโต๊ะ ผักชีฝรั่งซอย2 ช้อนโต๊ะ ใบสะระแหน่ ¼ ถ้วย พริกขี้หนูสวนสีเขียวแดงซอย10 เม็ด

วัตถุดิบปรุงน้ำพล่า น้ำพริกเผา 1 ช้อนโต๊ะ น้ำปลา 1½ ช้อนโต๊ะ น้ำตาลมะพร้าว 2 ช้อนชา น้ำมะนาว 1 ช้อนโต๊ะ พริกขี้หนูสวนสับ 20 เม็ด",215,14,30,4.3,10,670.6
25,เต้าหู้ลูกเขย,เต้าหู้ขาวแข็ง 2 ก้อน น้ำมันมะกอก 2 ช้อนชา น้ำตาลทรายไม่ฟอก 3 ช้อนโต๊ะ น้ำมะขามเปียก 1/2 ถ้วย เกลือสมุทร 1 ช้อนชา พริกขี้หนูเม็ดเล็กแห้งคั่วและผักชีเด็ดใบสำหรับตกแต่ง,166,1.1,13,11,3,457
26,สลัดมะเขือเทศชิกพีกับเพสโต้,"วัตถุดิบ มะเขือเทศราชินีสีแดงผ่าครึ่ง 1/2 ถ้วย มะเขือเทศราชินีสีเหลืองผ่าครึ่ง 1/2 ถ้วย ถั่วแระแช่แข็งแกะเมล็ด ลวก 1/2 ถ้วย ถั่วชิกพีต้มสุก 1/2 ถ้วย แตงกวาญี่ปุ่นหั่นชิ้นพอคำ 1/2 ถ้วย ใบโหระพาสำหรับตกแต่ง
 
วัตถุดิบทำน้ำสลัดเพสโต้ ใบโหระพา 1 1/2 ถ้วย น้ำมันมะกอก 2/3 ถ้วย เม็ดมะม่วงหิมพานต์อบ 1/3 ถ้วย น้ำเลมอนหรือน้ำมะนาว 1 ช้อนโต๊ะ เกลือสมุทรและพริกไทยขาวป่นตามชอบ",88,3.6,1.3,8.1,5.9,68
27,พล่าไข่เจียว,ไข่ไก่ 2 ฟอง หอมแดงซอย 40 กรัม ตะไคร้ซอยบาง ๆ 1 ต้น ใบมะกรูดซอย 1 ใบ พริกขี้หนูแดงซอย (เผ็ดตามชอบ) ต้นหอมและผักชีซอยรวมกัน 1 ช้อนโต๊ะ ใบสะระแหน่ 5 กรัม น้ำพริกเผาต้มยำ 1 ช้อนโต๊ะ น้ำปลา 1 ช้อนโต๊ะ น้ำตาลทราย 2 ช้อนชา + 1/2 ช้อนชา น้ำมะนาว 1 ช้อนโต๊ะ + 1/2 ช้อนโต๊ะ น้ำมันพืช (สำหรับทอดไข่),506,0,14,29,4.3,574
28,พาสต้าผัดผักย่างมังสวิรัติ,พาสต้าเกลียว หรือพาสต้าตามชอบ 450 กรัม มะเขือม่วง 2 ลูกเล็ก มะเขือเทศเชอร์รี 2 ลูกเล็ก ใบโหระพาสับ 3-4 ใบ น้ำมันมะกอก (สำหรับคลุกเส้นพาสต้า) หอมแดง 4 หัว น้ำมันมะกอก 1/4 ถ้วย น้ำเลมอน 2 ลูก ดิจองมัสตาร์ด 1 ช้อนโต๊ะ เกลือป่น พริกไทย,400,75,6,2,6.2,460.7
29,ก๋วยเตี๋ยวต้มยำน้ำข้นมังสวิรัติ,บะหมี่ไข่ 1 ก้อน นมสด 1/4 ถ้วยตวง น้ำเปล่า 1+1/2 ถ้วยตวง ข่าหั่นแว่น 5 แว่น ตะไคร้ทุบพอแตกหั่นแฉลบ 3 ต้น ใบมะกรูดฉีก 2 ใบ หอมแดงทุบพอแตก 3 หัว เห็ดนางฟ้าฉีก 50 กรัม แครอตกดเป็นดอก 4 ดอก ถั่วลันเตา 50 กรัม น้ำพริกเผาสูตรเจ 2 ช้อนโต๊ะ ซอสปรุงรส 1 ช้อนโต๊ะ เกลือป่นหยาบ 1/4 ช้อนชา น้ำมะนาว 2 ช้อนชา พริกขี้หนู 10 เม็ด ผักชีซอย 1/4 ถ้วยตวง น้ำเปล่าสำหรับลวกเส้น,513,53,20,21,7.8,896
30,สปาเกตตีผัดฟักทองผักโขม,เส้นสปาเกตตีลวกสุก 200 กรัม น้ำมันมะกอก 3 ช้อนโต๊ะ กระเทียมสับ 2-3 กลีบ ฟักบัตเตอร์นัท 2 ถ้วย ปวยเล้ง  กรัม พริกป่น 1/2-1 ช้อนชา น้ำเลมอนกับผิวเลมอนขูด 1/2 ลูก เกลือป่น พริกไทย วอลนัทสับ 30 กรัม,371,75,13,1.1,3.6,408
31,ห่อหมกเห็ด,เห็ดนางฟ้า ½ กิโลกรัม  ไข่ไก่ 2 ฟอง  ตะไคร้ซอย 4 ต้น  หอมแดง 5 หัว  พริกแดงจินดา 10 เม็ด  ใบแมงลัก 2 ถ้วยตวง  ใบมะกรูดซอย 3 ใบ น้ำปลา 2 ช้อนโต๊ะ,218,0,20,15,2.7,575.5
32,"เกี๊ยวซ่าไส้ผัก
",แผ่นแป้งเกี๊ยว วุ้นเส้น กะหล่ำปลี แครอท เห็ดหอม ซีอิ๊วขาว น้ำมันงา น้ำมันพืช,200,20,4,10,5.3,120
33,คะน้าหมูกรอบเจ,หมูกรอบเจ หรือ Plant-Based พริกแห้ง 1 กำมือ ผักคะน้า 2-3 ต้น กระเทียมปอกเปลือก 5-7 ลูก หอมแดง 2 หัว ซอสเห็ดหอม 2 ช้อนโต๊ะ น้ำปลาเจ 1 ช้อนโต๊ะ,392,11.1,30,15.4,4.8,670
34,ลาบเต้าหู้ขาว,เต้าหู้ขาว 1 ชิ้น (250-280กรัม) ต้มในน้ำเดือด 5 นาที ตักขึ้นแล้วยีละเอียดพักไว้ เห็ดหูหนูดำแห้งแช่น้ำ หรือเห็ดตามที่ชอบ นำมาซอยหยาบ 150 กรัม ข้าวคั่ว2ชต. หรือตามชอบ ซีอิ๊วขาว 1 ชต ซอสถั่วเหลือง 1-2 ชต พริกป่น 2 ชช มะนาว 3-4 ชต ต้นหอม ผักชีฝรั่ง สะระแหน่,190,14.3,17.4,9.3,4.4,547
35,หน่อไม้ฝรั่งผัดน้ำมันหอย,หน่อไม้ฝรั่ง 1 กำ เห็ดชิเมจิดำ แครอท มะเขือเทศ ข้าวโพดอ่อน กระเทียม 4-5 กลีบ เครื่องปรุง น้ำมันหอย 1-1.5 ชต ซีอิ๋วขาว 1/2 ชต เกลือหยิบมือใหญ่ พริกไทยขาวป่น 1 เหยาะ,223,10,20,11,2.4,491
36,ข้าวผัดกิมจิแปะก๊วยเต้าหู้อ่อน,ข้าวกล้องควินัว 1 ถ้วย เต้าหู้อ่อน  กรัม กิมจิผักรวมคีโต 1 ถ้วยเล็ก แปะก๊วย ผ่าครึ่ง 7-8 เม็ด มะเขือเทศราชินี 4-5 ลูก ข้าวโพดอ่อน 2 ฝัก แครอท เสี้ยวนึง กวางตุ้งเล็ก 2 ช่อ กระเทียม 4-5 กลีบเล็ก งาขาว ไว้โรยตอนจบ เครื่องปรุง ซอสโคชูจัง 1/2 ชต น้ำมันหอย 1/2 ชต ซอสแม็กกี้ 2-3 เหยาะ น้ำมันงา ใส่ตอนปิดกระทะแล้ว 2-3 เหยาะ,488,122,30.3,25.8,4.6,1105.7
37,ข้าวผัดรถไฟ,ไข่ไก่ (ไม่ใส่ก็ได้) 2 ฟอง ข้าวสวยหุงค้างคืน ผักใบเขียว คะน้า หรือบรอกโคลี มะเขือเทศลูกใหญ่ 1 ลูก แครอทหั่นเต๋า ไส้กรอกมังสวิรัติหั่นเต๋า กระเทียมสับ หอมหัวใหญ่หั่น เครื่องปรุง ซีอิ๊วขาว ซีอิ๊วดำ ซอสหอยนางรมเจ,627,15.2,50.3,37.2,2.3,1350
38,คั่วกลิ้ง มังสวิรัติ,โปรตีนเกษตรแบบแผ่น 200 กรัม น้ำมัน 2 ช้อนโต๊ะ น้ำเปล่า 200 มล ซีอิ๊วขาว 1 ช้อนโต๊ะ ใบมะกรูด 6 ใบ ส่วนผสมของน้ำพริกคั่วกลิ้ง ตะไคร้ 1 ต้น ขมิ้น 1 ข้อหัวแม่มือ หัวข่า 2 ข้อหัวแม่มือ พริกแดงสด 6 เม็ด พริกไทยเม็ดสีดำหรือขาว 1 หยิบมือ หอมแดง 1 หัว ผิวมะกรูด 1/2 ผล กะปิเจ 1 ช้อนชา เกลือ 1 ช้อนชา,600,18.7,44.2,30,6.2,1146.7
39,ข้าวมันไก่ สูตรมังสวิรัติ,ข้าวหอมมะลิ 1 ลิตรเล็ก เห็ดหอมแห้ง 200 กรัม ขิงหั่นแว่น 4 แว่น รากผักชี 3 ราก น้ำมันพืช 5 ช้อนโต๊ะ ใบเตย 2 ใบ โปรตีนเกษตรแบบแท่ง(ชิกุวะ)  กรัม เกลือป่น 1 ช้อนชา ส่วนผสมน้ำจิ้ม กระเทียม 5 กลีบ พริกขี้หนู 10-15 เม็ด ขิง  กรัม รากผักชี 5 ต้น เม็ดพริกไทยขาว 5 เม็ด ซีอิ๊วขาว 5 ช้อนโต๊ะ ซีอิ๊วดำ 1 ช้อนโต๊ะ เต้าเจี้ยว 5 ช้อนโต๊ะ มะนาว 3 ลูก น้ำตาลปี๊บ 1 ช้อนโต๊ะ น้ำมัน 1 ช้อนชา น้ เปล่า 300 ซีซี,704,88.9,42.5,18.8,3.4,1153
40,ข้าวอบสับปะรดสี่สหาย,ข้าวสวย 2 ถ้วย สับปะรด 1/2 ลูก ลูกเกด 1 ถ้วย แอปเปิ้ล 1 ลูก แครอท 1 หัว เครื่องปรุงรสตามชอบ,653.9,77.8,35.1,30,3.9,980
41,ข้าวผัดอเมริกัน​,ข้าวสวย 1 ถ้วย ข้าวโพดแช่แข็ง ตามชอบ ถั่วฝักยาว 2 เส้น ไข่ไก่ 1 ฟอง ซอสมะเขือเทศ 2 ช้อนโต๊ะ เกลือ เล็กน้อย น้ำตาล 1-2 ช้อนชา ซีอิ๊ว 1 ช้อนโต๊ะ พริกไทย ตามชอบ น้ำมัน เล็กน้อย,989,80.2,42.6,54.7,6.3,975.4
42,ข้าวผัดน้ำพริกปลาป่น,ข้าวสวย 1 ชาม กะหล่ำปลี 1/4 ลูก แฮมเจ 1 ถ้วย ไข่ไก่ 3 ฟอง ผักชี 1 ต้น น้ำพริกปลาป่นเจ 3-4 ช้อนโต๊ะ น้ำมะนาว 1-2 ช้อนโต๊ะ ผักสลัด 1 ต้น(ไม่มีก็ได้),588,47.9,24.2,33.7,6.94,755.9
43,แหนมเห็ดผัดไข่,แหนมเห็ด  กรัม ผักกวางตุ้ง 1 กำ ไข่ไก่ 2 ฟอง กระเทียม 1 กำมือ น้ำมันพืช 1 ชช เครื่องปรุง ซอสเห็ดหอม 1 ชต ซีอิ๊วขาว 1 ชต น้ำตาล 1 ชช พริกสด 5 เม็ด พริกแห้ง 2 เม็ด,410,3.8,20,9.9,1.7,322
44,ยำมะม่วงเปรี้ยว,มะม่วงเปรี้ยวพันธุ์อะไรก็ได้ 1 ลูก ถั่วพู 5-6 ฝัก ข้าวโพดอ่อน 4 ฝัก เต้าหู้แข็ง  กรัม มะเขือเทศ 1 ผล พริกป่น (หรือตามชอบ) 1 ชต. มะนาวแป้นสด (หั่นยำ1 ผล) อีก1ผล บีบน้ำลงในยำ 2 ผล หอมแดง 6 หัว เกลือชมพู 1 ชช น้ำตาลดอกมะพร้าว 1 ชช น้ำสุก 2 ชต,149,32.5,3.56,0.4,3.7,110
45,แกงพะแนง,โปรตีนเกษตรแบบแผ่น 6 แผ่น พริกแกงเจ 2 ช้อนโต๊ะ กะปิเจ 1 ช้อนชา กะทิกล่อง 250 มล ซีอิ๊วขาว 2 ช้อนโต๊ะ น้ำตาลปี๊บ 1 ช้อนโต๊ะ น้ำเปล่า  มล น้ำมันพืช 1 ช้อนโต๊ะ มะเขือพวง 2 พวง ใบมะกรูดซอย 2 หยิบมือ พริกแดงจินดาซอย 1 หยิบมือ,274,3.9,31.6,13.9,1.5,765.6
46,แกงกะหรี่ญี่ปุ่น วีแกน ,แกงกะหรี่ก้อน (ครึ่งกล่อง)​ หอมใหญ่ ครึ่งหัว แครอท ครึ่งหัว ถั่วลูกไก่ 140 กรัม ถั่วลันเตา 140 กรัม มะเขือเทศ 4 -​5 ลูก มะเขือเทศสูตรเข้มข้น 3 ช้อนโต๊ะ บรอกโคลี 70 กรัม พริกไทย ซีอิ๊วขาว,103,9,10,7,2.3,366.5
47,ปลานึ่งซีอิ๊ว มังสวิรัติ,ปลาเจ 1 แพ็ค ขิงซอย 10 กรัม ต้นหอม 2 ต้น คื่นฉ่าย 3 ต้น พริกแดงจินดา 3 เม็ด เห็ดหอมแห้ง 5 ดอก เครื่องปรุงซอส ซอสข้นเห็ดหอม 2 ช้อนโต๊ะ ซีอิ๊วขาว 2 ช้อนโต๊ะ ซอสฝาเขียว 2 ช้อนโต๊ะ น้ำตาลทราย 1 ช้อนโต๊ะ,203,0,48,1,6.1,689
48,แกงเหลืองมะละกอ,น้ำ 4 ถ้วย ข้าวโพดหวานหั่นท่อน 1 ฝัก หอมใหญ่ปอกเปลือกหั่นครึ่ง 1 หัว กะหล่ำปลีหั่นครึ่ง ½ หัว รากขึ้นฉ่าย 2 ราก รากผักชี 2 ราก แตงกวา 3 ลูก น้ำพริกแกงส้ม 1 ช้อนโต๊ะ มะละกอห่ามหั่นชิ้นบาง (300 กรัม) 1 ลูก เห็ดนางฟ้าลวก 50 กรัม ส้มแขก 2 ชิ้น ฟองเต้าหู้เกลียวหั่นท่อน 1 เส้น เกลือสมุทร 1 ½ ช้อนชา ซีอิ๊วขาว 3 ช้อนโต๊ะ น้ำตาลปี๊บ 1 ช้อนโต๊ะ น้ำมะขามเปียก (ขึ้นอยู่กับความเปรี้ยวและความข้นของมะขาม) 4-5 ช้อนโต๊ะ น้ำมะนาว 1 ช้อนโต๊ะ ข้าวสวยและฟองเต้าหู้เกลียวทอดกระเทียมสำหรับจัด,80,1.3,7.9,0.2,2.5,302
49,เต้าหู้ไข่ผัดต้นหอม,เต้าหู้ไข่ทอด 1 หลอด ต้นหอมหั่นท่อน 2-3 ต้น พริกแดงจินดาหั่นเฉียง 2 เม็ด น้ำมัน 3-4 ช้อนโต๊ะ ซอสหอยนางรม 1 ช้อนโต๊ะ ซีอิ๊วขาว 1 ช้อนชา ผงปรุงรส 1 ช้อนชา น้ำตาลทราย 1/2 ช้อนโต๊ะ กระเทียมสับ 1 ช้อนโต๊ะ,142,3,11,10.6,1.8,205
50,วุ้นเส้นผัดไข่,ไข่ 2 ฟอง วุ้นเส้น 40 กรัม กะหล่ำปลี 1/2 ถ้วย แครอท 1/3 ถ้วย ขึ้นฉ่ายหั่นท่อน 1 ต้น พริกแดงจินดาหั่นเฉียง 3 เม็ด น้ำมัน 4-5 ช้อนโต๊ะ กระเทียมสับ 1 ช้อนโต๊ะ ซอสหอยนางรม 1 ช้อนโต๊ะ ซีอิ๊วขาว 1 ช้อนโต๊ะ ผงปรุงรส 1 ช้อนชา น้ำตาลทราย 1/2 ช้อนโต๊ะ,226,25,9,10,0,510.7
51,แกงส้มมะละกอเจ,พริกแกงส้มเจ3 ช้อนโต๊ะ ถั่วเน่า(ใช้แทนกะปิ)1/2 แผ่น ขาเห็ นางฟ้าต้ม10 ขา น้ำตาลปี๊บ1 ช้อนชา น้ำมะขามเปียก3 ช้อนโต๊ะ เกลือ1 ช้อนชา ผงปรุงรสเห็ดหอมเจ1 ช้อนชา ถั่วฟักยาว5 ฟัก หัวไชเท้า1/2 หัว เห็ดนางฟ้าส่วนดอก10 ดอก กวางตุ้ง3 ต้น ดอกแค1 ถ้วย น้ำเปล่า6 ถ้วย,80,12.9,1.3,0.2,2.1,358
52,ก๋วยเตี๋ยวลุยสวนเจ,เต้าหู้ดำทอดหั่นแท่ง1 ก้อน ผักกาดหอม1 1/2 ถ้วย แตงกวาหั่นแท่ง1/2 ลูก ใบโหระพา 1/4 ถ้วย ใบสะระแหน่1/4 ถ้วย แครอทขูดเส้น1/4 ถ้วย ผักชีฝรั่ง2 ต้นแผ่นแป้งเวียดนาม 6 แผ่น พริกจินดาเขียว1 ช้อนโต๊ะ ใบสะระแหน่1 ช้อนโต๊ะ น้ำมะนาว 1-2 ช้อนโต๊ะ ซีอิ๊วขาว2 ช้อนโต๊ะ น้ำตาลทราย1 ช้อนชา อายิโนะโมะโต๊ะ1/2 ช้อนชา น้ำเปล่า 2 ช้อนโต๊ะ,118,40.1,15.4,3.1,7.1,763
53,ข้าวผัดถั่วลิสงมังสวิรัติ,ข้าวสวย 1 ถ้วย ซีอิ้วขาวเห็ดหอม 2 ช้อนชา ซีอิ้วดำ 1 ช้อนชา ถั่วลิสง 1 ถ้วย งาขาว 1 ช้อนโต๊ะ ซอสปรุงรส 1 ช้อนโต๊ะ ซอสหอยนางรม 3 ช้อนชา ผงปรุงรส 2 ช้อนชา โชยุญี่ปุ่น 2 ช้อนชา น้ำปลาแท้ 2 ช้อนชา กระเทียมไทย 10 กลีบ น้ำมันพืช 1 ช้อนโต๊ะ พริกไทยป่น 2 ช้อนโต๊ะ,678,59.3,22.3,38.9,1.7,1140.3
54,ต้มจืดผักกาดขาวใส่ไข่ (มังสวิรัติ),กระเทียม 2 กำมือ พริกไทย ผักชีพร้อมราก 5-6 ต้น น้ำมันพืช ผักกาดขาว 1 หัวใหญ่ เต้าหู้ไข่ 1 หลอด เห็ดหอมขนาดเล็ก 15 ดอก ซีอิ๊วขาว,178,8.1,14.6,9.6,3.3,350
55,ข้าวราดผัดผักบุ้งไฟแดง,กระเทียม 1-2 หัว พริกแดง 6 เม็ด ผักบุ้งจีน 1 กำ เต้าเจี้ยว 1 ช้อนโต๊ะ ซอสหอยนางรม 1 ช้อนโต๊ะ ซีอิ๊วขาว 1 ช้อนชา น้ำตาลทราย 1 ช้อนชา น้ำเปล่า 2 ช้อนโต๊ะ,738,75.6,15.3,42.1,21.3,1235.3
56,ข้าวต้มไข่ขาว,ไข่ไก่ 3 ฟอง น้ำสะอาด 150 มิลลิลิตร (หรือตามปริมาณเท่ากับไข่ขาวที่ได้) ผักชี และหอมเจียว ,123,1.1,17.1,4.9,0.8,209
57,แกงเทโพเจ,ผักบุ้งแก้ว 2 กำ24 ยอดเห็ดฟาง165 กรัม เต้าหู้ขาว( หั่นชิ้นทอด )1 ก้อน กุ้งเจ8 ตัว น้ำตาลโตนด60 กรัม น้ำส้มมะขาม40 กรัม กะทิคั้นข้นๆจากมะพร้าว1/2 กิโลกรัม พริกแกงเจ3 1/2 ช้อนโต๊ะ ซีอิ๊วขาว4 ช้อนโต๊ะ ใบมะกรูด4-5 ใบ พริกชี้ฟ้าเขียว-แดง4 ฝัก น้ำเปล่า2 ถ้วย,700,56.5,12.4,19.7,7.8,650
58,แกงมะเขือลูกชิ้น,มะเขือเปราะ 300 กรัม มะเขือพวง 50 กรัม ใบโหระพา 20 กรัม  ใบมะกรูด 4 ใบ พริกชี้ฟ้าแดง 1 เม็ด ปลาเค็มเจ 1 ชิ้น (30 กรัม) พริกแกงเผ็ดเจ 1 1/2 ช้อนโต๊ะ น้ำตาลปี๊บ 1 1/2 ช้อนโต๊ะ ซีอิ้วขาว 4 ช้อนโต๊ะ กะทิกล่อง 500 ml. น้ำเปล่า 200 ml.,249,11.5,12.7,16.6,2.2,578
59,แกงฟักลูกชิ้นพริกไทยดำเจ,ฟักเขียว 1 ลูกพริกแกง (ตามชอบ) 2-3 ช้อนโต๊ะ กะทิ 500 มล กระชายซอย (ตามชอบ) 1 ถ้วย ใบมะกรูด (ตามชอบ) 10-15 ใบ ใบโหระพา (ตามชอบ) 1 ถ้วย น้ำตาลปี๊บ 1-2 ช้อนโต๊ะ ดอกเกลือ 1 ช้อนชา ซอสเห็ดหอม 1 ช้อนโต๊ะ ซีอิ๊ว 2 ช้อนโต๊ะ น้ำเปล่า 250 มล,346,10,11.6,20,5,660.5
60,ผัดหมี่ซั่วเจ,เส้นหมี่ซั่ว 300 กรัม (แบบแห้ง​) เห็ดหอมซอย 1/2 ถ้วย น้ำแช่เห็ดหอม 1 ถ้วย น้ำตาลทราย 1 ช้อนโต๊ะ ซีอิ๊วขาวเห็ดหอมเจ 1-2 ช้อนโต๊ะ ซีอิ๊วดำหวาน 1 ช้อนโต๊ะ น้ำมันงา 2 ช้อนชา น้ำมันพืช 2 ช้อนโต๊ะ โปรตีนเกษตร 1 ถ้วย (แช่น้ำอุ่นให้นุ่ม บีบน้ำออก) ผักสามสี 1 ถ้วย ถั่วงอก 1 ถ้วย ผักกะหล่ำปลีซอย 2 ถ้วย,491,81,7,14.6,5.3,759
61,ผัดผักบุ้งเต้าหู้เห็ด,ผักบุ้ง เห้ดออรินจิ เต้าหู้ พริกชี้ฟ้าแดง พริกขี้หนุ น้ำมันหอย ซอสปรุงรสฝาเหลือง น้ำตาลทราย น้ำเปล่า,108,5,3.7,8.5,4.1,344
62,ไข่นึ่ง,ไข่ไก่ 1 ฟอง น้ำเปล่า,72,0.4,6.3,4.8,0.6,0
63,มันฝรั่งบด,มันฝรั่ง 3 ลูก วิปปิ้งครีม ½ ถ้วย เนยสด ½ ถ้วย นมข้นจืด 1 ถ้วย เกลือ 1 ช้อนชา พริกไทย 1 ช้อนชา เกรวี่สำเร็จรูป ตามชอบ พาร์สลีย์สับ 1 ช้อนชา,147,22.4,3.4,5.1,1.5,220.6
64,เห็ดออริจินย่าง,เห็ดออรินจิ 200g ผักชี 4 ต้น / 15g กระเทียมจีน 30g พริกแดง 20g เครื่องปรุงมันมะกอก 2 ช้อนชา ผงปรุงรส 1/2 ช้อนชา น้ำตาล 1/2 ช้อนชา เกลือเล็กน้อย,48,7.4,3.6,0,0.5,230.5
65,ยำเห็ดรวม เจ,เห็ดออรินจิ 100 กรัม เห็ดเข็มทอง 60 กรัม เห็ดนางฟ้า  กรัม เห็ดหอม 50 กรัม เห็ดชิเมจิ 50 กรัม แครอท 2 ช้อนโต๊ะ ขึ้นฉ่าย 1 ต้น น้ำตาลทราย 1 ช้อนชา น้ำมะนาว 2 ช้อนโต๊ะ ซีอี๊วขาวเห็ดหอมสูตรเจ 3 ช้อนโต๊ะ พริกขี้หนู 10 เม็ด,104,4,4,8,0,222
66,เห็ดและเต้าหู้อ่อนผัดน้ำมันหอย,เห็ดรวม1แพค150กรัม เห็ดฟาง50กรัม เต้าหู้อ่อนนำไปทอด1แผ่น ต้นหอม2ต้น ซอสหอยนางรม1ชต. น้ำปลา1 ชต. ผงปรุงรส1/2ชต. น้ำตาลทราย1/2ชต. กระเทียมพริกไทยโคลก1ชต. ,150,10,5,10,0,310
67,แกงเขียวหวานเห็ด,เห็ดตามชอบ 150 กรัม เครื่องแกงเขียวหวาน 20-30 กรัม กะทิ 250 กรัม น้ำปลาดี 2 ชต น้ำตาลทราย 2 ชต ใบมะกรูดฉีก 5 ใบ พริกสดแดงหั่น 3 เม็ด กระชายฝอย 20 กรัม ใบโหระพา,183,21.5,6.4,9.2,2.8,560
68,เห็ดผัดน้ำมันหอย,เห็นออรินจิ 500 กรัม เห็นโคนญี่ปุ่น 500 กรัม เห็ดนางรม 500 กรัม กระเทียม 6 กรัม ต้นหอม 5 ต้น น้ำมันพืช 3 ช้อนโต๊ะ ซีอิ้วขาว 4 ช้อนโต๊ะ พริกไทย 1 ช้อนโต๊ะ น้ำตาลทราย 2 ช้อนโต๊ะ ซอสน้ำมันหอย 2 ช้อนโต๊ะ พริกแดงจินดา 5 เม็ด,82,8.1,3.5,4.9,1.9,210.8
69,ต้มยำเห็ดเจ,เห็ดฟาง 10 ลูก เห็ดนางฟ้า ข่า 1-2 แง่ง ผักชีฝรั่ง 3-5 ต้น มะเขือเทศหั่นครึ่ง 3 ลูกพริกขี้หนู 10-15 เม็ด ตะไคร้ 2 ต้น ใบมะกรูด 3-5 ใบ น้ำมะนาว 5 ช้อนโต๊ะ น้ำตาล 5 ช้อนโต๊ะ เกลือ 1.5 ช้อนชา ซีอิ๊วขาว 3-5 ช้อนโต๊ะ,45,7.4,3.3,5,0.4,258
70,เห็ดนางฟ้าทอด,เห็ดนางฟ้า3 ขีด แป้งทอดกรอบ1/2 ถ้วยตวง น้ำเย็น1/2 ถ้วยตวง เกลือ1 ช้อนชา น้ำตาล1 ช้อนชา น้ำมันพืชสำหรับทอด1 ลิตร,153,6.1,3.3,13.9,1.9,560
71,กะหล่ำปลีต้ม,กะหล่ำปลี 1 กิโลกรัม (ประมาณ 4-5 หัว) เห็ดหอม 150 กรัม ฟองเต้าหู้ 50 กรัม ซีอิ๊วขาวเห็ดหอม 5 ช้อนโต๊ะ ซีอิ๊วดำหวาน 2 ช้อนโต๊ะ เกลือป่น 1/4 ช้อนชา น้ำเปล่า น้ำมันพืช,96,6.7,2,6.9,1.4,211.5
72,ผัดวุ้นเส้นกะหล่ำปลีเต้าหู้,วุ้นเส้น กะหล่ำปลี เต้าหู้ทอดหรือเต้าหู้แข็ง มะเขือเทศ หัวหอมใหญ่ กระเทียม ซีอิ๊วปรุงรสภูเขาทอง ซีอิ๊วขาวธรรมดา และน้ำมันมะกอก,621,40.8,25.5,43.3,6.4,1107.5
73,ผักกาดขาวผัดน้ำมันหอย,ผักกาดขาว 600 กรัม ซอสหอยนางรม 4 ช้อนโต๊ะ น้ำตาลทราย 2/3 ช้อนโต๊ะ พริกไทย 1/4 ช้อนชา น้ำ 100 กรัม,219,9,34.2,5.7,4.1,545
74,ต้มมะระผักกาดดองเต้าหู้,มะระ2 หัว ผักกาดดอง1 หัว พริกจินดา6 เม็ด คนอร์เห็ดหอม3 ก้อน ซีอิ้วขาวเหยาะๆ ลงไป เต้าหู้ขาว2 แผ่น น้ำมัน1/2 ถ้วย,404,74.3,15.7,5.8,7.5,576
75,ผักกาดผัดน้ำปลา,ผักกาดขาว 300 กรัม น้ำปลา 1 ช้อนโต๊ะ กระเทียมสับ 4 กลีบ น้ำตาลทราย 1 ช้อนชา พริกป่นนิดหน่อย น้ำมันพืช 1 ช้อนโต๊ะ,90,10.1,2.4,4.7,0.8,354
76,ต้มจืดผักกาดขาวเห็ดหอม มังสวิรัติ,กระเทียม 2 กำมือ พริกไทย ผักชีพร้อมราก 5-6 ต้น น้ำมันพืช ผักกาดขาว 1 หัวใหญ่ เต้าหู้ไข่ 1 หลอด เห็ดหอมขนาดเล็ก 15 ดอก ซีอิ๊วขาว,200,1.5,12,20,0,80.7
77,ผักกาดดองผัดไข่,ผักกาดดองเปรี้ยว 1 ถุง ขนาด 500 กรัม กระเทียมสับ ประมาณ 4-5 กลีบ พริกขี้หนู หรือจะใช้พริกแห้ง ก็ได้ ไข่ไก่ 2-3 ฟอง น้ำตาล ซีอิ้วขาว พริกไทย ตามใจชอบ,21,41,12,5.5,9.6,747.5
78,มะเขือเทศผัดไข่,น้ำมันพืช 3 ช้อนโต๊ะ กระเทียมสับละเอียด 1/2 ช้อนโต๊ะ มะเขือเทศหั่น 6 ชิ้น 2 ลูก ไข่ไก่ตีพอเข้ากัน 3 ฟองน้ำตาลทราย 1/4 ช้อนชา เกลือสมุทร 1/2 ช้อนชา พริกไทยขาวป่น 1/4 ช้อนชา ต้นหอมซอย 1 ต้น,208,19.6,10.8,10.1,7.2,785
79,คะน้าผัดเต้าหู้,ผัดคะน้า200 กรัม เต้าหู้ทอด1/2 ก้อน น้ำตาล1/2 ช้อนชา ซีอิ้วขาว1 ช้อนชา น้ำเปล่า2 ช้อนโต๊ะ กระเทียม2 กลีบ น้ำมันพีช1 ช้อนโต๊ะ,523,59.3,22.4,23.6,10.7,890.9
80,แกงเหลืองหน่อไม้ดอง,หน่อไม้ดอง 700 กรัม พริกแกงเหลือง 200 กรัม กะปิ 2 ช้อนโต๊ะ เกลือ 1 ช้อนโต๊ะ น้ำตาลปี๊ป 3 ช้อนโต๊ะ น้ำมะขามเปียก 3 ช้อนโต๊ะ มะนาว 2-3 ลูก น้ำเปล่า 2 ลิตร,149,12.5,20.5,2,2.3,675
81,แกงเหลืองสายบัว,ไหลบัว 500 กรัม พริกแกงส้มใต้ 1 ขีด กะปิ 1 ช้อนโต๊ะ น้ำตาลมะพร้าว 1-2 ช้อนโต๊ะ มะนาว 2 ลูก น้ำมะขามเปียก 1/4 ถ้วยตวง เกลือ 1 ช้อนชา น้ำปลา 1-2 ช้อนโต๊ะ,79,8.6,8.7,1.6,4.4,544
82,เห็ดอบวุ้นเส้นเจ,วุ้นเส้นแห้ง 80 g (แช่น้ำให้นุ่ม) เห็ดออรินจิ 1 ถ้วย โปรตีนเกษตร 1 ถ้วย (แช่น้ำให้นุ่ม บีบน้ำออก) ผักสามสี 1 ถ้วย เห็ดหอม 1/2 ถ้วย น้ำมันพืช 1 ช้อนโต๊ะ ซีอิ๊วดำหวาน 1 ช้อนชา ซีอิ๊วขาวเห็ดหอม 1 ช้อนโต๊ะ น้ำตาลทราย 1 ช้อนโต๊ะ น้ำมันงา 1 ช้อนชา น้ำแช่เห็ดหอม 1/2 ถ้วย,198,113.3,33.1,0.4,1.7,574.8
83,ก๋วยเตี๋ยวคั่วไก่เจ,เส้นใหญ่ 2 ถ้วย เนื้อไก่เจ 1/2 ถ้วย เต้าหู้เหลือง 1/2 ถ้วย เต้าหู้ทอด 1/3 ถ้วย เต้าเจี๊ยวสูตร1 1/2 ช้อนโต๊ะ ซีอิ๊วขาวเห็ดหอม 1/2 ช้อนโต๊ะ ซอสเห็ดหอม 1 ช้อนโต๊ะ น้ำมันพืชสำหรับทอด 1 ถ้วย ซอสพริกเจสำหรับจิ้ม 1/4 ถ้วย ผักกาดหอม 1/3 ถ้วย,495,59.4,17.4,20.9,5.7,961
84,"ผัดยากิโซบะเจ
 ",เส้นยากิโซบะเจ 500 กรัม โปรตีนเกษตร 30 กรัม กะหล่ำปลี 1/2 หัว แครอท 1 หัว ขึ้นฉ่าย 2 ต้น น้ำตาลทราย 1/2 ช้อนโต๊ะ ซอสเห็ดหอม 2 ช้อนโต๊ะ ซีอิ๊วขาว 2 ช้อนโต๊ะ ซีอิ๊วดำหวาน 1/2 ช้อนโต๊ะ พริกไทยป่น 1 ช้อนชา น้ำแช่เห็ดหอม 150 มิลลิลิตร,136,18.8,4.6,4.6,2.3,728.5
85,ผัดซีอิ๊วเจ,เส้นใหญ่ หรือ เส้นหมี่ เห็ดหอมสด แครอท ผักคะน้า โปรตีนเกษตรชนิดแผ่น น้ำตาลทราย ซอสปรุงรส สูตรเจ ซอสเห็ดหอม สูตรเจ ผงปรุงรสเห็ดหอม สูตรเจ ซีอิ๊วดำ น้ำมันรำข้าว สำหรับผัด,429,51,20,19.8,3.3,116.5
86,เฟตตูชินีซอสโบลองเนสเต้าหู้,เส้นเฟตตูชินีต้มสุก 200 กรัม พาร์สเลย์สับสำหรับโรย เต้าหู้ขาวแข็ง (เต้าหู้ดอย)  กรัม น้ำมันมะกอก 4 ช้อนโต๊ะ หอมแขกหั่นเต๋าเล็ก ½ ถ้วย กระเทียมกลีบใหญ่สับ 1 ช้อนโต๊ะ แครอทหั่นเต๋าเล็ก ½ ถ้วย เซเลอรีหั่ เต๋าเล็ก ½ ถ้วย เกลือป่น 2 ช้อนชา พริกไทยดำบด ½ ช้อนชา ใบกระวาน 2 ใบ ไธม์แห้ง ½ ช้อนชา พริกคาเยน ½ ช้อนชา เนื้อมะเขือเทศบดกระป๋อง 1 ถ้วย มะเขือเทศเข้มข้น (tomato paste) 5 ช้อนโต๊ะ น้ำ 1 ถ้วย,12,33,56,4,1.5,112
87,เต้าหู้สไปซี่โปเกโบล,เต้าหู้ขาวแข็ง (เต้าหู้ดอย) หั่นเต๋า 100 กรัม แตงกวาญี่ปุ่นหั่นเต๋า ¼ ถ้วย ข้าวโพดหวานต้ม 3 ช้อนโต๊ะ กิมจิ 1 ช้อนโต๊ะ อะโวคาโดหั่นเต๋า ¼ ถ้วย แรดิชหั่นแว่น 5-6 แว่น น้ำมันพืชสำหรับทอด แป้งข้าวโพดสำหรับทอดเต้าหู้ ข้าวญี่ปุ่นหุงสุก งาขาวคั่ว และสาหร่ายตัดเส้นสำหรับจัดเสิร์ฟ (สำหรับซอส : พริกขี้หนูแห้งหั่นท่อนเล็ก 1 เม็ด โคชูจัง 1 ช้อนโต๊ะ ซีอิ๊วญี่ปุ่น 2 ช้อนชา มิริน 1 ช้อนโต๊ะ น้ำตาลทราย 1½ ช้อนชา น้ำ ¼ ถ้วย),220,10.3,20.8,15.7,5.2,1014
88,ยำใหญ่มังสวิรัติ,เต้าหู้ขาวแข็ง (ก้อนละ 95 กรัม) 2 ก้อน แตงกวาผ่าครึ่งหั่นเฉียง 2 ลูก หอมใหญ่ (หัวละ 150 กรัม) หั่นเสี้ยว ½ หัว มะเขือเทศราชินีหั่นเสี้ยว 1/3 ถ้วย ผักกาดหอมเด็ดใบ 1 ถ้วย ต้นหอมหั่นท่อนขนาด 1 ซม. 2 ต้น ใบผักชี ¼ ถ้วย ขึ้นฉ่ายหั่นท่อน 1/3 ถ้วย ใบสะระแหน่ ¼ ถ้วย กระเทียมดองซอย 2 หัว วุ้นเส้นแห้งแช่น้ำจนนุ่มหั่นท่อน 1 ถ้วย (สำหรับน้ำยำ : ซีอิ๊วขาว 1 ช้อนโต๊ะ ซอสปรุงรส 1 ช้อนโต๊ะ เกลือสมุทร 1 ช้อนชา น้ำตาลปี๊บ 1 ช้อนโต๊ะ นํ้าตาลทราย 1 ช้อนชา ถั่วลิสงคั่วบดละเอียด กรัม นํ้ามะนาว 2 ช้อนโต๊ะ+1 ช้อนชา นํ้ากระเทียมดอง ¼ ถ้วย พริกขี้หนูสีแดงโขลก 4 เม็ด),309,38.3,30.2,10.4,8.2,896
89,แหนมเนืองเจ,"ลูกชิ้นเจ 1 ถุง อบความร้อน หั่นเป็นชิ้น  ผักสด สลัด,โหระพา, ใบชะพลู, ผักแพ้ว, กล้วยดิบหั่นลูกเต๋า,พริกสดหั่น, มะม่วงเปรี้ยวหั่นลูกเต๋า ผักอื่นๆตามชอบ ขนมจีนลวก 1 ถ้วย แผ่นแป้งแหนมเนือง",291,52.7,4.2,5,12.6,990
90,เส้นแก้วราดหน้าไข่ผักรวม,อกไก่สับเจ ข่า ตะไคร้ หอมแดง น้ำปลาลดโซเดียม พริกป่น ข้าวคั่ว น้ำมะขามเปียก มะนาว ต้นหอมผักชี ผักชีใบเลื่อย,227.2,17.8,17.3,10.7,0.5,439
91,เต้าหู้อ่อนผัดฉ่า,เต้าหู้อ่อนทอด 1/3 ก้อน ถั่วฝักยาวหั่นท่อน 1 ฝัก ข้าวโพดอ่อนหั่น 1 ฝัก มะเขือเปาะผ่าฉีก 2 ลูก กระชาย 1 หยิบมือ พริกเหลืองหั่นเฉียง 1 เม็ด ใบมะกรูดฉีก 2-3 ใบ ใบโหระพา 1/2 ถ้วย พริกไทยอ่อน 1 พวง ซอสหอยนางรม 2 ช้อนชา ซีอิ๊วขาว 1 ช้อนชา ผงปรุงรส 1 ช้อนชา น้ำตาลทราย 1 1/2 ช้อนชา น้ำมัน 4-5 ช้อนโต๊ะ พริกกระเทียมโขลก 1 ช้อนโต๊ะ น้ำเปล่าพอขลุกขลิก น้ำเปล่าลวกผัก,259,6.1,27.2,12.6,0.5,567.4
92,พริกหวานผัดมันฝรั่ง,"มันฝรั่งหัวเล็ก 1 หัวพริกหวานแดง,เขียว 1/2 เม็ด หอมแขก 1/2 หัว น้ำมันพืช 1 ช้อนโต๊ะ ซอสมะเขือเทศ 1 ช้อนโต๊ะ น้ำเปล่า 1 ช้อนโต๊ะ ผงกะหรี่ 1/2 ช้อนชา เกลือ น้ำตาล ปลายช้อน พริกป่น 1 ช้อนชา",130,3.2,15.2,6,2.1,1206
93,เห็ดออรินจิย่างเกลือเลม่อน,เห็ดออรินจิ น้ำมันพืช 1 ช้อนชา เกลือ หยิบมือ เลม่อน 1 เสี้ยว,90,7,3,0,2.9,2
94,ผัดหน่อไม้เต้าหู้อ่อนใบโหระพา,เต้าหู้นิ่มทอด 1/3 ก้อน หน่อไม้ต้ม 1 ถ้วย ใบโหระพา 2-3 ต้น พริกแห้ง-กระเทียมโขลกหยาบ 2 ช้อนโต๊ะ น้ำมัน 5-6 ช้อนโต๊ะ ซอสหอยนางรม 1/2 ช้อนโต๊ะ ซีอิ๊วขาว 1 ช้อนชา ซอสฝาเขียว 1 ช้อนชา ผงปรุงรส 1 ช้อนชา น้ำตาลทราย 2 ช้อนชา,688,15.6,19,61.2,3.5,1492.4
95,กะเพราไข่คั่วมังสวิรัติ,ไข่ 2 ฟอง ไข่เยี่ยวม้า 1 ฟอง กระเทียม พริก ใบกะเพรา ซีอิ๊วขาว ซอสปรุงรส,450,40,15,25,2.3,1200
96,เต้าหู้แข็งผัดขึ้นฉ่าย,เต้าหู้หั่นชิ้นทอด ขึ้นฉ่ายหั่นท่อน 1 ถ้วย พริกแดงจินดาหั่นเฉียง 3 เม็ด น้ำมัน 3-4 ช้อนโต๊ะ กระเทียมสับ 1 ช้อนโต๊ะ ซอสหอยนางรม 1/2 ช้อนโต๊ะ ซอสปรุงรส 1 ช้อนชา เต้าเจี้ยว 1 ช้อนโต๊ะ ผงปรุงรส 1 ช้อนชา น้ำตาลทราย 1 ช้อนโต๊ะ น้ำเปล่าเล็กน้อย,287,7.3,26.8,19.3,2,23
97,สลัดเย็นเต้าหู้อ่อนกับมะเขือเทศ ,เต้าหู้นิ่ม ก้อน มะเขือเทศลูกใหญ่ 1 ลูก ต้นหอมซอย 1-2 ต้น น้ำสลัด โชยุ 2 ช้อนโต๊ะ น้ำมันงา 1 ช้อนชา น้ำมันมะกอก 1 ช้อนโต๊ะ Apple Cider vinegar ใช้จิ๊กโฉ่วแทนได้ 1 ช้อนชา งาขาว 1/2 ช้อนชา,233,7.9,17.1,16.8,2.1,40.2
98,แพนเค้กฟักทอง (ไม่ไข่ ไม่แป้ง ไม่น้ำตาล),ฟักทอง 10 g แป้งข้าวโอ๊ต 50 g นมถั่วเหลือง 150 g ผงฟู 1 tsp,300,15,3.4,18,1,23
99,เต้าหู้นึ่งซีอิ๊วเห็ดหอมเจ,ส่วนผสม เต้าหู้นึ่งซีอิ๊วเห็ดหอม เต้าหู้อ่อน 1 ชิ้น เห็ดหอม แช่น้ำหั่นชิ้น 3-4 ดอก ขิงซอย 2-3 ช้อนโต๊ะ พริกแดงซอย 1 ช้อนโต๊ะ ส่วนผสม ซอสเห็ดหอม ซอสเห็ดหอม 1 ช้อนโต๊ะ ซีอิ๊วขาว 1 ช้อนโต๊ะ น้ำตาลทราย 1 ช้อนชา น้ำมันงา 1/2 ช้อนชา แป้งมันสำปะหลัง 1/2 ช้อนชา พริกไทยป่น 1/2 ช้อนชา ซีอิ๊วดำ 1/2 ช้อนชา น้ำเห็ดหอม 3 ช้อนโต๊ะ,226,6.7,25,13.5,2,21
100,โจ๊กไข่,ข้าวหอมมะลิ (ข้าวสาร) ผงปรุงรส ตามชอบ ซีอิ๊วขาว 1 ช้อนโต๊ะ พริกไทย (ตามชอบ),130,28.2,2.7,0.3,0.4,135
101,ผัดสปาเกตตี้กะเพราเห็ดฟาง,"เห็ดฟาง ตามชอบ ใบกะเพรา ตามชอบ พริกจินดาแดงสับ 7 เม็ด ซอสอเนกประสงค์เห็ดหอมคีโต 2 ช้อนโต๊ะ ซอสปรุงรสคีโต 1 ช้อนโต๊ะ
น้ำมันมะพร้าว 1 ช้อนโต๊ะ",490,87.8,20.6,7.7,4.8,410.7
102,ลาบเส้นแก้ว,เห็ดภูฏาน 1 ชามใหญ่ ผักชีใบเลื่อย 1 ต้น น้ำมะนาว 2 ผล ซอสปรุงรสคีโต 1 ทัพพี งาขาวคั่ว 1 ช้อนโต๊ะ พริกป่น 1 ช้อนโต๊ะ เรดโอ๊ค ตามชอบ,243,38.1,9.7,6.2,4.1,665.3
103,ลาบทอด,ซีอิ๊วขาว (เห็ดหอม) 1 ช้อนชา ผงปรุงรส (เห็ดหอม-เจ) 1 ช้อนชา ข้าวคั่ว 2 ช้อนชา พริกป่น 2 ช้อนชา เนื้อบดจากพืช 220 กรัม ผักชี 2 ต้น ต้นหอม 2 ต้น หอมแดง 1-2 หัว,385,11,65,9,5.7,1300
104,ต้มข่าเห็ด,เห็ดเข็มทอง 1 ห่อเล็ก เห็ดชิเมจิ 1 ห่อ เห็ดออรินจิ 1 ต้นใหญ่ ผักชีใบเลื่อย 2 ต้น ใบมะกรูด 3 ใบ ตะไคร้ 1 ต้น ข่าอ่อน 1 ข้อนิ้วมือ พริกขี้หนูสวนสีเขียว 10 เม็ด กะทิ 1 ขวดเล็ก น้ำเปล่า 1 ขวดกะทิ ซอสปรุงรสคีโต 1 ทัพพีน้ำมะนาว 1 ผล,67,12.4,6.2,0.9,3.5,221
105,ผัดเส้นบุกต้นอ่อนทานตะวัน,เส้นบุกสาหร่าย 1/2 ถุง ถั่วเหลืองผิวดำต้มสุก 100 กรัม ต้นอ่อนทานตะวัน 50 กรัม พริกขี้หนูสวนสีแดง 7 เม็ด ซอสเห็ดหอมอเนกประสงค์คีโต 2 ช้อนโต๊ะ น้ำมันมะพร้าว 1 ช้อนโต๊ะ,630,12.1,34.2,49.4,2.9,141
106,ซุปฟักทอง,ฟักทองต้ม หอมใหญ่ 1 ลูกเล็ก กระเทียม 2 กลีบ ขิง (ไม่ใส่ก็ได้ค่ะ) เกลือ ผงกะหรี่ ควินัวบัควีทต้ม (ไม่ใส่ก็ได้ค่ะ) นมพืช นมถั่วหรือกะทิ,97,10,3,5,0,235.5
107,ซาโมซ่า กลูเตนฟรี วีแกน,ผักชี และรากผักชี 1-2 ต้น หัวหอมใหญ่ ครึ่งลูก แครอท ครึ่งลูก มันหวานหัวเล็ก 2 หัว เกลือ หยิบมือ ผงกะหรี่ 1/2 ช้อนชา พริกไทย แป้งห่อ,32,55,4.4,22,10,99
108,Avocado hummus toast,อะโวคาโด 1/4 ลูก ฮัมมุส 2 ช้อนโต๊ะ สโมคปาปริก้า หยิบมือ พาสลีย์แห้ง หยิบมือ เฮมพ์ (เมล็ดกัญชงกะเทาะเปลือก) เกลือ หยิบมือ,12,3.3,17,32,4,139
109,ขนมจีนน้ำยาปลาร้าป่น,ขมิ้น 2 หัว กระชาย 3-4 ชิ้น ใบมะกรูด 5 ใบ พริกแห้ง 10-15 อันพริกขี้หนู ​ 3-4 อัน หอมแดง 4 หัว หรือถ้าหอมแดงใหญ่ใช้ครึ่งลูก ปลาดุกเจสับ หรือ Plant-based ประมาณ แล้วแต่ความชอบ 50-150 กรัม ต้นหอม 2 ต้น ปลาร้าเจ ประมาณ แล้วแต่ความนัวที่ต้องการ 5-10 ช้อนโต๊ะ ผงปรุงรสเจ 1-2 ช้อนโต๊ะ ขนมจีน และผักตามชอบ,526,58,31.1,18.4,6.1,650
110,ผัดต้มยำไข่ปลา,ข่า 1 หัว ตะไคร้ 3 ต้น ใบมะกรูด 6 ใบ พริกแดง 4 อัน หอมแดงใหญ่ ครึ่งลูก เห็ดหูหนู ตามชอบ 50- กรัมมะเขือเทศใหญ่ เอาเม็ดออก ครึ่งลูก ไข่ปลาเจ หรือ Plant-Based มะนาวหั่นซีก 2-3 ลูก พริกแกงต้มยำ 2 ช้อนโต๊ะ น้ำปลาเจ 1 ช้อนโต๊ะ น้ำมันสำหรับผัดเล็กน้อยมากๆ แตงกวา 1-2 ลูก,343,10.3,17.2,22.2,1.5,262.5
111,ข้าวราดผัดเขียวหวานเต้าหู้ย่าง,เต้าหู้แข็ง 1 ก้อนใหญ่ กระชาย 3-4 ก้าน กระเทียมปอกเปลือก 4 หัว พริกหนุ่มแดง 3 เม็ด ใบโหระพา 2 ต้น มะเขือ 4 ลูก น้ำมันมะกอก หรือน้ำมันพืชก็ได้ 2 ช้อนชา พริกแกงเขียวหวานเจประมาณ 3 ช้อนโต๊ะ น้ำตาล 2-3 ช้อนชา ผงปรุงรสเจ 1 ช้อนชา กะทิประมาณ 4 ช้อนโต๊ะ น้ำปลาเจ 1 ช้อนชา เกลือป่น 1 ช้อนชา,237,44.7,5.9,3.7,1.9,332.7
112,ไข่เจียวชะอม,ชะอม200กรัม ไข่ไก่4ฟอง น้ำปลา1 1/2ช้อนโต๊ะ น้ำมันพืช4-5 ช้อนโต๊ะ,456,1.1,18.8,41.3,2.1,213.8
113,แกงผักกาดมังสวิรัติ,ผักกาดชุนฉ่าย 3-4 ต้น น้ำเปล่า 1 ถ้วย โปรตีนเกษตร 100 กรัม น้ำมัน 2 ช้อนชา ต้นหอมผักชี 2-3 ต้น ส่วนผสมน้ำพริก พริกแห้ง 4 เม็ด ตะไคร้ 1 ต้น ลูกผักชี 1 หยิบมือ กะปิเจ 1 ช้อนโต๊ะ ปลาร้าเจ 1 ช้อนโต๊ะ หอมแเดง 3 หัว กระเทียม 4 กลีบ เกลือ 1 ช้อนชา,149,29.9,11.9,1.5,48.25,210
114,ไข่พะโล้ มังสวิรัติ,ไข่เป็ด 4 ฟอง กะหล่ำปลี 1 หัว เห็ดออรินจิ 2 ต้น รากผักชีนิดหน่อย น้ำมันมะพร้าว 1 ชต ซีอิ๊วขาวเซิงโซวหวัง 4 ชต ผงหญ้าหวาน 1 ชช เกลือชมพู 1 ชช น้ำมันหอยสูตรเจ โป๊ยกั๊ก 4-5 อัน น้ำเปล่า 500 ml,210,2.7,14.2,16.4,2.8,690
115,ข้าวราดมัสมั่น,พริกแกงมัสมั่นเจ 1 ซอง ยี่ห้ออะไรก็ได้ มันฝรั่ง 2 หัว แครอท 2 หัว หอมหัวใหญ่ 1 ลูก เกลือ 2 ช้อนชา นมสด 2/4 กระป๋อง น้ำตาล 1 ช้อนชา น้ำเปล่า หมูปรุงรสเจ ตามชอบ,487,65.7,15.5,18,4.8,1220
116,หัวไชโป๊ผัดไข่,หัวไชโป๊ว(รสหวาน) หั่นเป็นเส้น200 กรัม ไข่2 ฟอง กระเทียมสับ1 ช้อนโต๊ะ น้ำตาลทรายเล็กน้อย ซีอิ๊วขาว น้ำมันสำหรับผัด,415,64.1,20.5,10.2,7,420.2
117,ข้าวผัดแปะก๊วยธัญพืช,ข้าวกล้องควินัว (แช่เย็น) 1 ถ้วย แปะก๊วย 7-8 เม็ด ผักฟรีซ 3 สี เห็ดหอมแห้ง แช่น้ำสักพัก ก่อนหั่น 4 หัว เต้าหู้ กระเทียมหั่นแว่น เครื่องปรุง ซีอิ๊วเห็ดหอม น้ำมันหอย ซอสแม็กกี้ฝาเหลือง พริกไทยขาว (โรยตอนจบ),456,102,10,2,2.8,260
118,ยำลูกชิ้นเจเห็ดเข็มทอง,ลูกชิ้นเจ เห็ดหอม 50 กรัม หมูปรุงรสเจ 50 กรัม เห็ดเข็มทอง 1 ห่อเล็ก พริกสด ตามชอบ ผักชี ตามชอบ น้ำตาล 2 ช้อนโต๊ะ หรือตามชอบ ซีอิ๊วขาว 4 ช้อนโต๊ะ หรือ ตามชอบ มะนาว 2 ลูก หรือ ตามชอบ,281,46,27,6.8,8.3,1054
119,หัวปลีทอด,หัวปลีกล้วย 1 หัว แป้งทอดกรอบ 1/2 ซอง กระเทียมทุบ 5 กลีบ ถั่วงอกตามชอบ เต้าหู้ขาว 1 แผ่น น้ำเย็น น้ำตาลทราย 1 ช้อนโต๊ะ เกลือ 1 ช้อนชา ไข่ไก่ 1 ฟอง น้ำมันพืช สำหรับทอด ต้นหอม ผักชี ซอสพริกตามชอบ,108,5,2,10,2.3,0
120,ยำดอกอัญชัน,ดอกอัญชัน  กรัม มะเขือเจ้าพระยา 2 ลูก แครอทหั่นฝอย 1 หยิบมือ โปรตีนเกษตร  กรัม น้ำกะทิ 2 ช้อนโต๊ะ ใบสะระแหน่ 5 ใบ ส่วนผสมน้ำยำ พริกขี้หนู 5 เม็ด น้ำมะนาว 2 ช้อนโต๊ะ ซีอิ๊วขาว 2 ช้อนโต๊ะ น้ำตาลปี๊บ 1 ช้อนโต๊ะ น้ำพริกเผาเจ 1/2 ช้อนโต๊ะ,130,4,12,8,3,5
121,แหนมเห็ด,"เห็ดนางฟ้า ฉีกฝอยนึ่งสุก 1 กิโลกรัม เห็ดหูหนูสับหรือหั่นเส้น 200-300 กรัม เห็ดเข็มทอง 200 กรัม เห็ดหอม,เห็ดฟาง ข้าวสวยไรซ์เบอร์รี่,ข้าวกล้อง, ข้าวเหนียว รวมกันแล้ว 800-1,000 กรัม กระเทียมไทย ปอกติดเปลือกเล็กน้อย ตัดส่วนที่แข็งทิ้ง 120 กรัม เกลือป่น 2-3 ชช ซีอิ๊วขาว 2 ชต ผงปรุงรสเห็ดหอมฟ้าไทย ปรุงตามชอบ พริกขี้หนูสวนเด็ดขั้วล้างสะอาดผึ่งแห้ง ใส่ตามชอบเฉลี่ย ถุงละ 1-2 เม็ด ถุงร้อน 2*3 นิ้ว, ยางวงหนังสติ๊กสำหรับมัดจุกรัด",185,3.8,20.2,9.9,0.9,500
122,พล่าเห็ดรวม,เห็ดรวมตามใจชอบ 300 กรัม น้ำพริกเผาเจ 2 ช้อนชา น้ำตาลปี๊บ 1 ช้อนโต๊ะ ซีอิ๊วขาว 2 ช้อนโต๊ะ น้ำมะนาว 2 ช้อนโต๊ะ พริกสด 6 เม็ด ตะไคร้ 1 ต้น ใบมะกรูด 4-5 ใบ ใบสะระแหน่ 4-5 ใบ,250,14.9,29.9,4.8,10.3,1905.3
123,ฟูซิลีมีทบอลผัดซอสมะเขือเทศ,เนื้อบดจากพืช ตามชอบ แครอท ตามชอบ เส้นฟูซิลี 200 กรัม เนื้อมะเขือเทศเข้มข้น 2 ช้อนโต๊ะ ซอสมะเขือเทศ 3 ช้อนโต๊ะ หญ้าหวาน น้ำตาล หรือสารให้ความหวาน ตามชอบ กระเทียม 2 กลีบ น้ำมันมะกอก หรือน้ำมันอื่นๆ 1 ช้อนโต๊ะ น้ำเปล่าหรือน้ำซุป เล็กน้อย,430,12.5,3.1,8,17,203
124,คั่วแค,"น้ำมันพืช 2 ช้อนโต๊ะ น้ำเปล่า  มล ซีอิ๊วขาว 2 ช้อนชา ผักและสมุนไพรต่างๆ มะเขือเจ้าพระยา 5 ลูก ถั่วฝักยาว 5 ฝัก เห็ดหูหนูหรือเห็ดตามชอบ 2 กำมือ ใบชะพลู 1 กำมือ
บวบ 1 ผล มะเขือพวง 1 กำมือ พริกขี้หนูสวน 5-6 เม็ด ตำลึง 2 กำมือ ผักชีใบเลื่อย 4 ต้น โปรตีนเกษตร  กรัม ส่วนผสมน้ำพริก พริกแห้ง 5 เม็ด กระเทียม 4 กลีบ หอมแดง 3 หัว กะปิเจ 1 ช้อนโต๊ะ ปลาร้าเจ 1 ช้อนโต๊ะ",520,3.2,30,5,3.6,560
125,ข้าวต้มฟักทอง,ข้าวสวย 1 ถ้วย เต้าหู้ 75 กรัม ฟองเต้าหู้สด 25 กรัม ฟักทอง 100 กรัม น้ำเปล่า 750 มล ซีอิ๊วขาว 1 ช้อนโต๊ะ ผงปรุงรสผัก (สูตรไม่ใส่ชูรส) 1 ช้อนโต๊ะ คืนช่าย 1 ต้น ต้นหอม 1 ต้น ผักชี 1 ต้น กระเทียมเจียว (ตามมชอบ) พริกไทยป่น (ตามชอบ),190,49.8,6.3,0.7,11,1185
126,มันฝรั่งบดอบชีส,"มันฝรั่ง 3 หัว ประมาณ 380 กรัม น้ำนมถั่วเหลือง 6 ช้อนโต๊ะ เกลือ พริกไทย ออริกาโน่ มอสซาเรลล่าชีสวีแกน 65 กรัม น้ำร้อน 100  กรัม
น้ำส้มสายชูหมักจากแอปเปิ้ล 1/2 ช้อนชา น้ำมันมะกอก 1 ช้อนชา",742,26.5,9.3,35.2,1.4,425.7
127,ไข่บกต้มยำ,ไข่เป็ด 4 ฟอง เห็ดชิเมจิขาว ตามชอบ เห็ดนางรมหลวง ตามชอบมะเขือเทศราชินี ตามชอบ เซ็ตสมุนไพรต้มยำ หอมแดง ตะไคร้ พริก มะนาว ใบมะกรูด น้ำพริกเผาไทยไม่มีน้ำตาล 1.5 ชต นมพิสตาชิโอชนิดไม่เติมน้ำตาล 0.5 กล่องเล็ก น้ำตาลเทียม 1 ซอง น้ำปลาตราหอยหลอดฝาเขียว น้ำมันมะกอกชนิดทนความร้อนได้,165,1.1,14.6,10.6,2.2,1744
128,หมี่ผัดข้าวหมากแดงลูกชิ้นแคะ,หมี่ข้าวกล้อง 75 กรัม ข้าวหมากแดง 2 ช้อนโต๊ะ ข้าวหมากแดงสูตรลัด / กึ่งสำเร็จรูป ผักตามชอบ แนะนำ กวางตุ้ง กะหล่ำปลี ดอกเกลือ 1/4 ช้อนชา ซีอิ๊วขาว 1 ช้อนชา พริกทอด 3 เม็ด กระเทียมเจียว หอมใหญ่สับ ครึ่งหัว ลูกชิ้นแคะมังสวิรัติ,122,19,7,2,0.6,57
129,เล้งเห็ด,เห็ดชิเมจิ 1 ห่อ เห็ดฟาง 1 ห่อ น้ำเปล่า 4 ถ้วย ผงปรุงรสเห็ดหอม 0.5 ชต แครอท หั่น 1/2 หัว รากผักชี 4 ราก หอมแขก หั่นสี่ 1 หัว ส่วนของเครื่องปรุง พริกสับ ตามชอบ ซอสปรุงรสฝาเขียว 1/2 ชต น้ำมะนาวคั้นสด 1 ลูก ผักชีใบเลื่อยซอย 1 ชต ขึ้นฉ่ายซอย 1 ชต,434,17.9,43.1,22.4,6.6,850
130,เสต๊กเต้าหู้ซอสเห็ด,เต้าหู้โมเมน 1 ก้อน เห็ดชิเมจิ 100 กรัม แครอทซอย 2 ช้อนโต๊ะ ซีอิ๊วขาว 1 ช้อนชา ซอสเทอริยากิ 3 ช้อนชา ซอสข้นเห็ดหอม 2 ช้อนโต๊ะ น้ำเปล่า 50 ซีซี น้ำมันสำหรับทอด 1 กระทะ,220,4.3,15.8,8.7,3.2,514
131,น้ำตกมังสวิรัติ,เต้าหู้แผ่น 2 แผ่น น้ำมันพืช หอมแดงซอย ผักชีใบเลื่อยซอย ใบสะระแหน่(หรือใบมิ้น)ซอย น้ำมะนาว 3 ช้อนโต๊ะ ซีอิ๊วขาว 3 ช้อนโต๊ะ พริกป่น 1 ช้อนชา ข้าวคั่วป่นละเอียด พอหยิบมือ ขมิ้นผง ถั่งลิสง 1 ห่อ,310,51,37.8,5,9.4,552
132,สเต็กโปรตีนเกษตรทอด,โปรตีนเกษตรชนิดแผ่นสี่เหลี่ยม 4 แผ่น ซีอิ๊วขาว 2 ช้อนชา ซอสเห็ดข้น 2 ช้อนชา ไข่ไก่ 1 ฟอง เกล็ดขนมปัง 100 กรัม ผักสลัดมิกซ์ 200 กรัม ผักตามใจชอบ น้ำสลัดตามใจชอบ,216,0,18,10,0,430.7
133,หลนเต้าหู้อ่อน,เต้าหู้อ่อน 1/2 ก้อน กะทิ 50 มล พริกสด 1 ลูก น้ำตาลปี๊บ 1/2 ช้อนชา ซีอิ๊วขาว 2 ช้อนชา หอมแดง 4 หัว ตะไคร้ 1 หัว หัวข่าซอย 1/2 ช้อนชา,217,12.3,19.5,18.9,5.1,590
134,พาสต้าซอสไข่เค็ม,ไข่เค็ม 1 ฟอง พาสต้า ซอสเห็ดหอม แป้งทอดกรอบ น้ำตาล ซีอิ๊วขาว นม carnation แครอท มะเขือเทศ กระเทียม เนย,433,75,6,5,1.2,1206
135,ต้มซุปผักรวม,กะหล่ำปลี ครึ่งหัว มะเขือเทศเล็ก 1 กำมือ หัวหอมใหญ่ 1 ลูก แครอท 1 หัว ผักชี + ต้นหอม (นำไว้โรยหน้า) เครื่องปรุง ซีอิ๊วขาว,469,33,13,25,4.8,300
136,เมี่ยงปลาเค็มหมูยอ,ปลาเค็มเจ 2 ชิ้น หมูยอเจ ครึ่งก้อน หอมแดง 5 หัว กระเทียมจีน 5 กลีบ ต้นหอม ผักชี ยี่หร่า สะระแหน่ พริกสด และมะนาว ตะไคร้ 5-6 ต้น น้ำตาล ซีอิ๊ว มะนาว ผงปรุง,240,30,21,4,3.6,762
137,แจ่วพริกย่าง,พริกแดงสด 6 เม็ด หอมแดงแห้ง 6-7 หัว(เล็ก) กระเทียม 3 กลีบ เนื้อมะขามเปียก 1 ช้อนชา ผงปรุงรสเห็ดหอม(เจ) 2 ช้อนชา น้ำร้อน 1 ช้อนโต๊ะ,280,20.6,31.5,6.7,2.4,426
138,แกงยอดมะพร้าวลูกชิ้นปลามังสวิรัติ,ยอดมะพร้าว 2 ขีด ลูกชิ้น 1 ขีด กะทิ 1 กล่อง 250 กรัม พริกแกงใต้ 2 ช้อนโต๊ะ เกลือ 2 ช้อนชา ผงปรุงรสเห็ดหอม 1 ช้อนชา น้ำตาลทราย 1 ช้อนโต พริกชี้ฟ้าสด (แต่งหน้า) 3 เม็ด ใบโหระพา 1 กำ,790,62.7,32.9,43.1,4.9,6052
139,หน่อไม้ผัดไข่,หน่อไม้ต้ม 1 ถ้วย ไข่ไก่ 2 ฟอง น้ำมัน 2 ช้อนโต๊ะ เกลือ 1 ช้อนชา น้ำตาล 1/2 ช้อนโต๊ะ ซีอิ๊ว 2 ช้อนโต๊ะ น้ำเปล่า​เล็กน้อย,688,15.6,19,61.2,4.5,1492
140,ต้มจับฉ่าย,หมูสามชั้น 500 กรัม กะหล่ำปลี 1 หัว หัวไชเท้า 2 หัวกลางๆ เห็ดหอม 5-6 ดอก ขึ้นช่าย 1 มัด คะน้า 5 ต้น กวางตุ้ง 5 ต้น กระเทียมจีนสับหยาบ 1 หัว ซุปก้อนคนอร์ 1 ก้อน เกลือป่น 1 ช้อนชา ซีอิ๊วขาว 3 ช้อนตวง น้ำมันหอย 2 ช้อนตวง ซอสปรุงรสฝาเขียว 2 ช้อนตวง น้ำตาลกรวด 1 ก้อนเท่าหัวแม่มือ (หรือน้ำตาลทราย 1/2 ชต. ) ซีอิ๊วดำหวาน 1/2 ช้อนตวง น้ำมันพืช 3-4 ช้อนตวง น้ำเปล่า 2-3 ลิตร ,121,7.9,3.3,9.6,1.2,490