1,พริก
1,พริกจินดาแดง
1,เกลือ
1,กระเทียม
1,กระเทียมไทย
1,เกลือสมุทร
1,ถั่วฝักยาว
1,มะเขือเทศสีดา
1,มะเขือเปราะ
1,น้ำปลาร้าเจ
1,น้ำตาลมะพร้าว
1,ซีอิ๊วญี่ปุ่น
1,มะนาว
1,มะละกอ
2,ทุเรียน
2,น้ำมันปาล์ม
3,วุ้นเส้น
3,เห็ดฟาง
3,เห็ดหอมสด
3,เห็ดหูหนู
3,เห็ดเข็มทอง
3,ผักกาดขาว
3,ขึ้นฉ่าย
3,เต้าหู้เหลือง
3,น้ำสต๊อกผัก
3,ซีอิ๊วขาวสูตรเจ
3,น้ำมันงา
3,ผักบุ้ง
3,ลูกชิ้นรักบี้ทรงเครื่องเจ
3,ไข่แผ่นเจ
4,บวบ
4,ฟักทอง
4,ผักหวาน
4,เห็ด
4,ข้าวโพดอ่อน
4,พริกขี้หนู
4,พริกไทย
4,ตะไคร้
4,กะปิเจ
4,น้ำตาลทราย
4,ซีอิ๊วขาวเจ
4,เกลือ
5,ฟักเขียว
5,อกไก่
5,แครอท
5,กระเทียม
5,พริกไทย
5,รากผักชี
5,น้ำตาล
5,ซีอิ้วขาว
5,เกลือ
5,ผงปรุงรส
6,ปลาหมึกเจ
6,กุ้งเจ
6,เห็ดหูหนูขาว
6,แครอท
6,วุ้นเส้น
6,ซีอิ๊วขาว
6,น้ำมะนา
6,น้ำตาลทราย
6,พริกสดสีแดง
6,มะเขือเทศ
6,ขึ้นฉ่าย
6,ถั่วลิสงคั่ว
7,เต้าหู้แข็ง
7,เห็ดออรินจิ
7,รากผักชี
7,พริกไทยป่น
7,ดอกเกลือ
7,น้ำตาลทราย
7,แป้งมัน
7,แป้งหมี่กึน
7,แป้งมัน
7,น้ำเปล่า
7,เกล็ดขนมปัง
7,ทอดมัน
7,น้ำมัน
8,ข้าว
8,ขิง
8,ซีอิ๊ว
8,ซอสเห็ดหอม
8,พริกไทย
8,น้ำตาลทราย
9,ถั่วงอก
9,เต้าหู้ทอด
9,ขึ้นฉ่าย
9,กระเทียมสับ
9,พริกแดงจินดา
9,ซีอิ๊วขาวเห็ดหอม
9,เห็ดหอม
9,น้ำตาล
9,พริกไทยป่น
10,ปลาเจ
10,ขิงซอย
10,คึ่นฉ่าย
10,พริกชี้ฟ้า
10,เต้าเจี้ยว
10,น้ำตาลปี๊บ
10,ซอสเห็ดหอม
10,ดอกเกลือ
10,น้ำมะขามเปึยก
10,น้ำเปล่า
10,น้ำมันพืช
10,แป้งมันฮ่องกง
11,เนย
11,หอมใหญ่
11,ข้าวโพดหวาน
11,นมสด
11,วิปปิ้งครีม
11,น้ำเปล่า
11,น้ำซุป
11,เกลือ
11,พริกไทยดำ
12,เห็ดออรินจิ
12,เห็ดนางฟ้าภูฐาน
12,ฟักทอง
12,ยอดชะอม
12,ใบแมงลัก
12,น้ำย่านาง
12,ซีอิ๊วขาว
12,หอมแดง
12,พริกแกง
13,หมี่กึ๊น
13,ขาเห็ดทรงเครื่อง
13,เครื่องพะโล้
13,น้ำตาลปี๊บ
13,ดอกเกลือ
13,ซี่อิ้วดำ
13,พริกไทยดำ
13,ผักชี
13,แป้งมัน
13,น้ำเปล่า
14,ก๋วยเตี๋ยวเส้นจันท์
14,ซอสมะขามเจ
14,หัวไชโป๊ว
14,พริกผัดไทยเท
14,เต้าหู้แข็ง
14,ถั่วฝักยาว
14,ถั่วงอกดิบ
14,ถั่วลิสงคั่ว
14,น้ำมันพืช
14,หัวปลี
14,มะนาว
14,ฟองเต้าหู้
14,โปรตีนเกษตร
14,ผักชี
14,พริกชี้ฟ้า
15,กระเทียม
15,น้ำมันพืช
15,ไข่ไก่
15,แป้งมัน
15,ผักคะน้า
15,แครอท
15,กะหล่ำดอก
15,เห็ดออรินจิ
15,เห็ดชิเมจิ
15,เห็ดหอมสด
16,ไข่ไก่
16,ขึ้นฉ่าย
16,หอมหัวใหญ่
16,ต้นหอม
16,เต้าหู้ไข่
16,ซีอิ๊วขาว
16,น้ำมันพืช
16,พริกไทยป่น
16,กระเทียมทุบ
17,เต้าหู้ขาวแข็ง
17,บลอกโคลี
17,แครอทหั่นเต๋า
17,ข้าวโพด
17,น้ำเปล่า
17,ซีอิ๊วขาว
17,ซอสเห็ดหอม
17,น้ำตาลทราย
17,แป้งข้าวโพด
18,เต้าหู้แข็ง
18,ซีอิ๊วเห็ดหอม
18,เห็ดเข็มทอง
18,ใบโหระพา
18,ใบเมี่ยง
18,แครอท
18,กะหล่ำปลี
18,ผักชีฝรั่ง
19,เห็ดนางฟ้า
19,ไข่ไก่
19,พริกแดงจินดา
19,ใบแมงลัก
19,ใบมะกรูด
19,น้ำปลา
19,ตะไคร้ซอย
19,หอมแดง
20,ใบกะเพรา
20,เห็ดออรินจิ
20,ซีอิ๊วขาว
20,หมูสับเจ
20,พริกขี้หนู
21,พริกขี้หนูสวน
21,กระเทียมไทย
21,เกลือสมุทร
21,กะปิเจ
21,มะกรูด
21,มะเขือพวง
21,น้ำตาลมะพร้าว
21,น้ำมะนาว
21,น้ำอุ่น
21,ถั่วพู
21,แตงกวา
21,มะเขือเปราะ
21,ถั่วฝักยาว
21,มะเขือยาวทอด
22,พริกแกงไตปลา
22,กระเทียมไทย
22,หอมแดงซอย
22,ฟักทอง
22,ถั่วฟักยาว
22,หน่อไม้
22,มะเขือพวง
22,มะเขือเปราะ
22,ใบมะกรูด
22,น้ำตาลมะพร้าว
22,น้ำมะขามเปียก
22,เกลือสมุทร
22,ถั่วพู
22,แตงกวา
23,เต้าหู้ขาว
23,แตงกวา
23,หอมใหญ่
23,มะเขือเทศ
23,ผักกาดหอม
23,ต้นหอม
23,ใบผักชี
23,ขึ้นฉ่าย
23,ใบสะระแหน่
23,กระเทียม
23,วุ้นเส้น
23,ซีอิ๊วขาว
23,ซอสปรุงรส
23,เกลือสมุทร
23,น้ำตาลปี๊บ
23,นํ้าตาลทราย
23,ถั่วลิสง
23,นํ้ามะนาว
23,นํ้ากระเทียมดอง
23,พริกขี้หนู
24,เต้าหู้ดำ
24,เต้าหู้ขาว
24,ใบมะกรูด
24,ตะไคร้
24,หอมแดง
24,ผักชีฝรั่ง
24,ใบสะระแหน่
24,พริกขี้หนู
24,น้ำพริกเผา
24,น้ำปลา
24,น้ำตาลมะพร้าว
24,มะนาว
25,เต้าหู้ขาวแข็ง
25,น้ำมันมะกอก
25,น้ำตาลทราย
25,น้ำมะขามเปียก
25,เกลือสมุทร
25,พริกขี้หนู
25,ผักชี
26,มะเขือเทศ
26,ถั่วแระ
26,ถั่วชิกพี
26,แตงกวา
26,ใบโหระพา
26,น้ำมันมะกอก
26,เม็ดมะม่วงหิมพานต์อบ
26,น้ำเลมอนหรือน้ำมะนาว
26,เกลือสมุทร
26,พริกไทย
27,ไข่ไก่
27,หอมแดง
27,ตะไคร้
27,ใบมะกรูด
27,พริกขี้หนู
27,ต้นหอม
27,ผักชี
27,ใบสะระแหน่
27,น้ำพริกเผาต้มยำ
27,น้ำปลา
27,น้ำตาลทราย
27,น้ำมะนาว
27,น้ำมันพืช
28,พาสต้า
28,มะเขือม่วง
28,มะเขือเทศ
28,ใบโหระพา
28,น้ำมันมะกอก
28,หอมแดง
28,เลมอน
29,บะหมี่ไข่
29,นมสด
29,น้ำเปล่า
29,ข่า
29,ตะไคร้
29,ใบมะกรูด
29,หอมแดง
29,เห็ดนางฟ้า
29,แครอต
29,ถั่วลันเตา
29,น้ำพริกเผาสูตรเจ
29,ซอสปรุงรส
29,เกลือป่น
29,น้ำมะนาว
29,พริกขี้หนู
29,ผักชี
29,น้ำเปล่า
30,เส้นสปาเกตตี
30,น้ำมันมะกอก
30,กระเทียมสับ
30,บัตเตอร์
30,ปวยเล้ง
30,พริกป่น
30,เลมอน
30,เกลือ
30,พริกไทย
30,วอลนัท
31,เห็ดนางฟ้า
31,ไข่ไก่
31,ตะไคร้
31,หอมแดง
31,พริกแดงจินดา
31,ใบแมงลัก
31,ใบมะกรูดซอย
31,น้ำปลา
32,แป้งเกี๊ยว
32,วุ้นเส้น
32,กะหล่ำปลี
32,แครอท
32,เห็ดหอม
32,ซีอิ๊วขาว
32,น้ำมันงา
32,น้ำมันพืช
33,หมูกรอบเจ
33,พริกแห้ง
33,ผักคะน้า
33,กระเทียม
33,หอมแดง
33,ซอสเห็ดหอม
33,น้ำปลาเจ
34,เต้าหู้ขาว
34,เห็ดหูหนู
34,ข้าวคั่ว
34,ซีอิ๊วขาว
34,ซอสถั่วเหลือง
34,พริกป่น
34,มะนาว
34,ต้นหอม
34,ผักชีฝรั่ง
34,สะระแหน่
35,หน่อไม้ฝรั่ง
35,เห็ดชิเมจิดำ
35,แครอท
35,มะเขือเทศ
35,ข้าวโพดอ่อน
35,กระเทียม
35,เครื่องปรุง
35,น้ำมันหอย (Low sodium)
35,ซีอิ๋วขาว (Low sodium)
35,เกลือ
35,พริกไทยขาวป่น
36,ข้าวกล้องควินัว
36,เต้าหู้อ่อน
36,กิมจิ
36,แปะก๊วย
36,มะเขือเทศราชินี
36,ข้าวโพดอ่อน
36,แครอท
36,กวางตุ้ง
36,กระเทียม
36,งาขาว
36,ซอสโคชูจัง
36,น้ำมันหอย
36,ซอสแม็กกี้
36,น้ำมันงา
37,ไข่ไก่
37,ข้าวสวย
37,ผักใบเขียว
37,คะน้า
37,บรอกโคลี
37,มะเขือเทศ
37,แครอท
37,ไส้กรอกมังสวิรัติ
37,กระเทียมสับ
37,หอมหัวใหญ่
37,ซีอิ๊วขาว
37,ซีอิ๊วดำ
37,ซอสหอยนางรมเจ
38,โปรตีนเกษตร
38,น้ำมัน
38,ซีอิ๊วขาว
38,ใบมะกรูด
38,ตะไคร้
38,ขมิ้น
38,ข่า
38,พริกแดง
38,พริกไทย
38,หอมแดง
38,มะกรูด
38,กะปิเจ
38,เกลือ
39,ข้าวหอมมะลิ
39,เห็ดหอมแห้ง
39,ขิง
39,รากผักชี
39,น้ำมันพืช
39,ใบเตย
39,โปรตีนเกษตรแบบแท่ง
39,เกลือป่น
39,กระเทียม
39,พริกขี้หนู
39,ขิง
39,รากผักชี
39,เม็ดพริกไทยขาว
39,ซีอิ๊วขาว
39,ซีอิ๊วดำ
39,เต้าเจี้ยว
39,มะนาว
39,น้ำตาลปี๊บ
39,น้ำมัน
39,น้ำเปล่า
40,ข้าวสวย
40,สับปะรด
40,ลูกเกด
40,แอปเปิ้ล
40,แครอท
41,ข้าวสวย
41,ข้าวโพด
41,ถั่วฝักยาว
41,ไข่ไก่
41,ซอสมะเขือเทศ
41,เกลือ
41,น้ำตาล
41,ซีอิ๊ว
41,พริกไทย
41,น้ำมัน
42,ข้าวสวย
42,กะหล่ำปลี
42,แฮมเจ
42,ไข่ไก่
42,ผักชี
42,น้ำพริกปลา
42,มะนาว
43,แหนมเห็ด
43,ผักกวางตุ้ง
43,ไข่ไก่
43,กระเทียม
43,น้ำมันพืช
43,เครื่องปรุง
43,ซอสเห็ดหอม
43,ซีอิ๊วขาว
43,น้ำตาล
43,พริกสด
43,พริกแห้ง
44,มะม่วงเปรี้ยว
44,ข้าวโพดอ่อน
44,เต้าหู้แข็ง
44,มะเขือเทศ
44,พริกป่น
44,มะนาว
44,หอมแดง
44,เกลือ
44,น้ำตาลดอกมะพร้าว
45,โปรตีนเกษตรแบบแผ่น
45,พริกแกงเจ
45,กะปิเจ
45,กะทิกล่อง
45,ซีอิ๊วขาว
45,น้ำตาลปี๊บ
45,น้ำเปล่า
45,น้ำมันพืช
45,มะเขือพวง
45,ใบมะกรูด
45,พริกแดงจินดา
46,แกงกะหรี่ก้อน
46,หอมใหญ่
46,แครอท
46,ถั่วลูกไก่
46,ถั่วลันเตา
46,มะเขือเทศ
46,บรอกโคลี
46,พริกไทย
46,ซีอิ๊วขาว
47,ปลาเจ
47,ขิงซอย
47,ต้นหอม
47,คื่นฉ่าย
47,พริกแดงจินดา
47,เห็ดหอมแห้ง
47,ซอสข้นเห็ดหอม
47,ซีอิ๊วขาว
47,ซอสฝาเขียว
47,น้ำตาลทราย
48,ข้าวโพดหวาน
48,หอมใหญ่
48,กะหล่ำปลี
48,รากขึ้นฉ่าย
48,รากผักชี
48,แตงกวา
48,น้ำพริกแกงส้ม
48,มะละกอ
48,เห็ดนางฟ้า
48,ส้ม
48,ฟองเต้าหู้
48,เกลือสมุทร
48,ซีอิ๊วขาว
48,น้ำตาลปี๊บ
48,น้ำมะขามเปียก
48,มะนาว
49,เต้าหู้ไข่ทอด
49,ต้นหอม
49,พริกแดงจินดา
49,น้ำมัน
49,ซอสหอยนางรม
49,ซีอิ๊วขาว
49,ผงปรุงรส
49,น้ำตาลทราย
49,กระเทียมสับ
50,ไข่
50,วุ้นเส้น
50,กะหล่ำปลี
50,แครอท
50,ขึ้นฉ่าย
50,พริกแดงจินดา
50,กระเทียม
50,ซอสหอยนางรม
50,ซีอิ๊วขาว
51,พริกแกงส้มเจ
51,ถั่วเน่า
51,ขาเห็ดนางฟ้า
51,น้ำตาลปี๊บ
51,น้ำมะขามเปียก
51,เกลือ
51,ผงปรุงรสเห็ดหอมเจ
51,ถั่วฟักยาว
51,หัวไชเท้า
51,เห็ดนางฟ้าส่วนดอก
51,กวางตุ้ง
51,ดอกแค
51,น้ำเปล่า
52,เต้าหู้ดำ
52,ผักกาดหอม
52,แตงกวา
52,ใบโหระพา
52,ใบสะระแหน่
52,แครอท
52,ผักชีฝรั่ง
52,แผ่นแป้งเวียดนาม
52,พริกจินดาเขียว
52,ใบสะระแหน่
52,มะนาว
52,ซีอิ๊วขาว
52,น้ำตาลทราย
53,ข้าวสวย
53,ซีอิ้วขาวเห็ดหอม
53,ซีอิ้วดำ
53,ถั่วลิสง
53,งาขาว
53,ซอสปรุงรส
53,ซอสหอยนางรม
53,ผงปรุงรส
53,โชยุญี่ปุ่น
53,น้ำปลาแท้
53,กระเทียมไทย
53,น้ำมันพืช
53,พริกไทยป่น
54,กระเทียม
54,พริกไทย
54,ผักชี
54,ผักกาดขาว
54,เต้าหู้ไข่
54,เห็ดหอม
54,ซีอิ๊วขาว
55,กระเทียม
55,พริกแดง
55,ผักบุ้งจีน
55,เต้าเจี้ยว
55,ซอสหอยนางรม
55,ซีอิ๊วขาว
55,น้ำตาลทราย
55,น้ำเปล่า
56,ไข่ไก่
56,ผักชี
56,หอมเจียว
57,ผักบุ้ง
57,ยอดเห็ดฟาง
57,เต้าหู้ขาว
57,กุ้งเจ
57,น้ำตาลโตนด
57,น้ำส้มมะขาม
57,กะทิคั้น
57,พริกแกงเจ
57,ซีอิ๊วขาว
57,ใบมะกรูด
57,พริกชี้ฟ้าเขียว-แดง
57,ฝัก
57,น้ำเปล่า
58,มะเขือเปราะ
58,มะเขือพวง
58,ใบโหระพา
58,ใบมะกรูด
58,พริกชี้ฟ้าแดง
58,ปลาเค็มเจ
58,พริกแกงเผ็ดเจ
58,น้ำตาลปี๊บ
58,ซีอิ้วขาว
58,กะทิ
59,ฟักเขียว
59,กะทิ
59,กระชายซอย
59,ใบมะกรูด
59,ใบโหระพา
59,น้ำตาลปี๊บ
59,ดอกเกลือ
59,ซอสเห็ดหอม
59,ซีอิ๊ว
59,น้ำเปล่า
60,เส้นหมี่ซั่ว
60,เห็ดหอม
60,แช่เห็ดหอม
60,น้ำตาลทราย
60,ซีอิ๊วขาวเห็ดหอมเจ
60,ซีอิ๊วดำหวาน
60,น้ำมันงา
60,น้ำมันพืช
60,โปรตีนเกษตร
60,ผักสามสี
60,ถั่วงอก
60,ผักกะหล่ำปลีซอย
61,ผักบุ้ง
61,เห้ดออรินจิ
61,เต้าหู้
61,พริกชี้ฟ้าแดง
61,พริกขี้หนุ
61,น้ำมันหอย
61,ซอสปรุงรสฝาเหลือง
61,น้ำตาลทราย
61,น้ำเปล่า
62,ไข่ไก่่
62,น้ำเปล่่า
63,มันฝรั่ง
63,วิปปิ้งครีม
63,เนยสด
63,นมข้นจืด
63,เกลือ
63,พริกไทย
63,เกรวี่สำเร็จรูป
63,พาร์สลีย์
64,เห็ดออรินจิ
64,ผักชี
64,กระเทียมจีน
64,พริกแดง
64,เครื่องปรุงมันมะกอก
64,ผงปรุงรส
64,น้ำตาล
64,เกลือ
65,เห็ดออรินจิ
65,เห็ดเข็มทอง
65,เห็ดนางฟ้า
65,เห็ดหอม
65,เห็ดชิเมจิ
65,แครอท
65,ขึ้นฉ่าย
65,น้ำตาลทราย
65,น้ำมะนาว
65,ซีอี๊วขาวเห็ดหอมสูตรเจ
65,พริกขี้หนู
66,เห็ดฟาง
66,เต้าหู้อ่อน
66,ต้นหอม
66,ซอสหอยนางรม
66,น้ำปลา
66,น้ำตาลทราย
66,กระเทียม
66,พริกไทย
67,เห็ดตามชอบ
67,เครื่องแกงเขียวหวาน
67,กะทิ
67,น้ำปลา
67,น้ำตาลทราย
67,ใบมะกรูด
67,พริกสดแดง
67,กระชาย
67,ใบโหระพา
68,เห็นออรินจิ
68,เห็นโคน
68,เห็ดนางรม
68,กระเทียม
68,ต้นหอม
68,น้ำมันพืช
68,ซีอิ้วขาว
68,พริกไทย
68,น้ำตาลทราย
68,ซอสน้ำมันหอย
68,พริกแดงจินดา
69,เห็ดฟาง
69,เห็ดนางฟ้า
69,ข่า
69,ผักชีฝรั่ง
69,มะเขือเทศ
69,พริกขี้หนู
69,ตะไคร้
69,ใบมะกรูด
69,น้ำมะนาว
69,น้ำตาล
69,เกลือ
69,ซีอิ๊วขาว
70,เห็ดนางฟ้า
70,แป้งทอดกรอบ
70,เกลือ
70,น้ำตาล
70,น้ำมันพืช
71,กะหล่ำปลี
71,เห็ดหอม
71,ฟองเต้าหู้
71,ซีอิ๊วขาวเห็ดหอม
71,ซีอิ๊วดำ
71,เกลือป่น
71,น้ำเปล่า
71,น้ำมันพืช
72,วุ้นเส้น
72,กะหล่ำปลี
72,เต้าหู้แข็ง
72,มะเขือเทศ
72,หัวหอมใหญ่
72,กระเทียม
72,ซีอิ๊วปรุงรส
72,ซีอิ๊วขาว
72,น้ำมันมะกอก
73,ผักกาดขาว
73,ซอสหอยนางรม
73,น้ำตาลทราย
73,พริกไทย
73,น้ำ
74,มะระ
74,ผักกาดดอง
74,พริกจินดา
74,คนอร์เห็ดหอม
74,ซีอิ้วขาว
74,เต้าหู้
74,น้ำมัน
75,ผักกาดขาว
75,น้ำปลา
75,กระเทียมสับ
75,น้ำตาลทราย
75,พริกป่น
75,น้ำมันพืช
76,กระเทียม
76,พริกไทย
76,ผักชีพร้อม
76,น้ำมันพืช
76,ผักกาดขาว
76,หัวใหญ่
76,เต้าหู้ไข่
76,เห็ดหอม
76,ซีอิ๊วขาว
77,ผักกาดดอง
77,กระเทียมสับ
77,พริกขี้หนู
77,พริกแห้ง
77,ไข่ไก่
77,น้ำตาล
77,ซีอิ้วขาว
77,พริกไทย
78,น้ำมันพืช
78,กระเทียม
78,มะเขือเทศ
78,ไข่ไก่
78,น้ำตาลทราย
78,เกลือสมุทร
78,พริกไทยขาวป่น
78,ต้นหอมซอย
79,ผัดคะน้า
79,เต้าหู้ทอด
79,น้ำตาล
79,ซีอิ้วขาว
79,น้ำเปล่า
79,กระเทียม
79,น้ำมันพีช
80,หน่อไม้ดอง
80,พริกแกงเหลือ
80,กะปิ
80,เกลือ
80,น้ำตาลปี๊ป
80,น้ำมะขามเปียก
80,มะนาว
81,ไหลบัว
81,พริกแกงส้มใต้
81,กะปิ
81,น้ำตาลมะพร้าว
81,มะนาว
81,น้ำมะขามเปียก
81,เกลือ
81,น้ำปลา
82,วุ้นเส้นแห้ง
82,เห็ดออรินจิ
82,โปรตีนเกษตร
82,ผักสามสี
82,เห็ดหอม
82,น้ำมันพืช
82,ซีอิ๊วดำหวาน
82,ซีอิ๊วขาวเห็ดหอม
82,น้ำตาลทราย
82,น้ำมันงา
82,เห็ดหอม
83,เส้นใหญ่
83,เนื้อไก่เจ
83,เต้าหู้เหลือง
83,เต้าหู้ทอด
83,เต้าเจี๊ยว
83,ซีอิ๊วขาวเห็ดหอม
83,ซอสเห็ดหอม
83,น้ำมันพืช
83,ซอสพริกเจ
83,ผักกาดหอม
84,เส้นยากิโซบะเจ
84,โปรตีนเกษตร
84,กะหล่ำปลี
84,แครอท
84,ขึ้นฉ่าย
84,น้ำตาลทราย
84,ซอสเห็ดหอม
84,ซีอิ๊วขาว
84,ซีอิ๊วดำหวาน
84,พริกไทยป่น
84,น้ำ
85,เส้นใหญ่
85,เส้นหมี่
85,เห็ดหอมสด
85,แครอท
85,ผักคะน้า
85,โปรตีนเกษตรชนิดแผ่น
85,น้ำตาลทราย
85,ซอสปรุงรสสูตรเจ
85,ซอสเห็ดหอมสูตรเจ
85,ผงปรุงรสเห็ดหอมสูตรเจ
85,ซีอิ๊วดำ
85,น้ำมันรำข้าว
86,เส้นเฟตตูชินี
86,พาร์สเลย์
86,เต้าหู้ขาวแข็ง
86,น้ำมันมะกอก
86,หอมแขก
86,กระเทียมกลีบใหญ่
86,แครอท
86,เซเลอรี
86,เกลือป่น
86,พริกไทยดำ
86,ใบกระวาน
86,ไธม์แห้ง
86,พริกคาเยน
86,มะเขือเทศ
86,น้ำ
87,เต้าหู้ขาวแข็ง
87,แตงกวาญี่ปุ่น
87,ข้าวโพด
87,กิมจิ
87,อะโวคาโด
87,แรดิช
87,น้ำมันพืช
87,แป้งข้าวโพด
87,ข้าวญี่ปุ่น
87,งาขาว
87,สาหร่าย
87,พริกขี้หนูแห้ง
87,โคชูจัง
87,ซีอิ๊วญี่ปุ่น
87,มิริน
87,น้ำตาลทราย
87,น้ำ
88,เต้าหู้ขาวแข็ง
88,แตงกวา
88,หอมใหญ่
88,มะเขือเทศราชินี
88,ผักกาดหอม
88,ต้นหอม
88,ใบผักชี
88,ขึ้นฉ่าย
88,ใบสะระแหน่
88,กระเทียมดอง
88,วุ้นเส้นแห้ง
88,ซีอิ๊วขาว
88,ซอสปรุงรส
88,เกลือสมุทร
88,น้ำตาลปี๊บ
88,นํ้าตาลทราย
88,ถั่วลิสงคั่ว
88,มะนาว
88,นํ้ากระเทียมดอง
88,พริกขี้หนู
89,ลูกชิ้นเจ
89,ผักสลัด
89,โหระพา
89,ใบชะพลู
89,ผักแพ้ว
89,กล้วยดิบ
89,พริกสด
89,มะม่วงเปรี้ยว
89,ผักอื่นๆ
89,ขนมจีน
89,แผ่นแป้งแหนมเนือง
90,อกไก่สับเจ
90,ข่า
90,ตะไคร้
90,หอมแดง
90,น้ำปลาลดโซเดียม
90,พริกป่น
90,ข้าวคั่ว
90,น้ำมะขามเปียก
90,มะนาว
90,ต้นหอมผักชี
90,ผักชีใบเลื่อย
91,เต้าหู้อ่อน
91,ถั่วฝักยาว
91,ข้าวโพดอ่อน
91,มะเขือเปาะ
91,กระชาย
91,พริกเหลือง
91,ใบมะกรูดฉีก
91,ใบโหระพา
91,พริกไทยอ่อน
91,ซอสหอยนางรม
91,ซีอิ๊วขาว
91,ผงปรุงรส
91,น้ำตาลทราย
91,น้ำมัน
91,พริกกระเทียม
91,น้ำเปล่า
92,มันฝรั่ง
92,หัวพริกหวานแดง
92,หอมแขก
92,น้ำมันพืช
92,ซอสมะเขือเทศ
92,น้ำเปล่า
92,ผงกะหรี่
92,เกลือ
92,น้ำตาล
92,พริกป่น
93,เห็ดออรินจิ
93,น้ำมันพืช
93,เกลือ
93,เลม่อน
94,เต้าหู้นิ่ม
94,หน่อไม้
94,บโหระพา
94,พริกแห้ง
94,กระเทียม
94,น้ำมัน
94,ซอสหอยนางรม
94,ซีอิ๊วขาว
94,ซอสฝาเขียว
94,ผงปรุงรส
94,น้ำตาลทราย
95,ไข่ไก่
95,ไข่เยี่ยวม้า
95,กระเทียม
95,พริก
95,ใบกะเพรา
95,ซีอิ๊วขาว
95,ซอสปรุงรส
96,เต้าหู้
96,ขึ้นฉ่าย
96,พริกแดงจินดา
96,น้ำมัน
96,กระเทียมสับ
96,ซอสหอยนางรม
96,ซอสปรุงรส
96,เต้าเจี้ยว
96,น้ำตาลทราย
97,เต้าหู้นิ่ม
97,มะเขือเทศ
97,ต้นหอม
97,น้ำสลัด
97,โชยุ
97,น้ำมันงา
97,น้ำมันมะกอก
97,จิ๊กโฉ่ว
97,งาขาว
98,ฟักทอง
98,แป้งข้าวโอ๊ต
98,นมถั่วเหลือง
98,ผงฟู
99,เต้าหู้อ่อน
99,เห็ดหอม
99,ขิงซอย
99,พริกแดง
99,ซอสเห็ดหอม
99,ซีอิ๊วขาว
99,น้ำตาลทราย
99,น้ำมันงา
99,แป้งมันสำปะหลัง
99,พริกไทยป่น
99,ซีอิ๊วดำ
99,น้ำเห็ดหอม
100,ข้าวหอมมะลิ
100,ผงปรุงรส
100,ซีอิ๊วขาว
100,พริกไทย
101,เห็ดฟาง
101,ใบกะเพรา
101,พริกจินดาแดง
101,ซอสอเนกประสงค์เห็ดหอมคีโต
101,ซอสปรุงรสคีโต
101,น้ำมันมะพร้าว
102,เห็ดภูฏาน
102,ผักชีใบเลื่อย
102,น้ำมะนาว
102,ซอสปรุงรสคีโต
102,งาขาวคั่ว
102,พริกป่น
102,เรดโอ๊ค
103,ซีอิ๊วขาว
103,ผงปรุงรส
103,เห็ดหอมเจ
103,ข้าวคั่ว
103,พริกป่น
103,เนื้อบดจากพืช
103,ผักชี
103,ต้นหอม
103,หอมแดง
104,ซีอิ๊วขาว
104,ผงปรุงรส
104,ข้าวคั่ว
104,พริกป่น
104,เนื้อบดจากพืช
104,ผักชี
104,ต้นหอม
104,หอมแดง
105,เส้นบุกสาหร่าย
105,ถั่วเหลืองผิวดำต้มสุก
105,ต้นอ่อนทานตะวัน
105,พริกขี้หนูสวนสีแดง
105,ซอสเห็ดหอมอเนกประสงค์คีโต
105,น้ำมันมะพร้าว
106,ฟักทองต้ม
106,หอมใหญ่
106,กระเทียม
106,ขิง
106,เกลือ
106,ผงกะหรี่
106,ควินัวบัควีท
106,นมพืช
106,นมถั่วหรือกะทิ
107,ผักชี
107,รากผักชี
107,หัวหอมใหญ่
107,แครอท
107,มันหวาน
107,เกลือ
107,ผงกะหรี่
107,พริกไทย
107,แป้งห่อ
108,อะโวคาโด
108,ฮัมมุส
108,สโมคปาปริก้า
108,พาสลีย์แห้ง
108,เฮมพ์
108,เกลือ
109,ขมิ้น
109,กระชาย
109,ใบมะกรูด
109,พริกแห้ง
109,พริกขี้หนู
109,หอมแดง
109,ถ้าหอมแดงใหญ่
109,ปลาดุกเจ
109,ต้นหอม
109,ปลาร้าเจ
109,ผงปรุงรสเจ
109,ขนมจีน
110,ข่า
110,ตะไคร้
110,ใบมะกรูด
110,พริกแดง
110,หอมแดงใหญ่
110,เห็ดหูหนู
110,มะเขือเทศใหญ่
110,ไข่ปลาเจ
110,มะนาว
110,พริกแกงต้มยำ
110,น้ำปลาเจ
110,น้ำมัน
110,แตงกวา
111,เต้าหู้แข็ง
111,กระชาย
111,กระเทียม
111,พริกหนุ่ม
111,ใบโหระพา
111,มะเขือ
111,น้ำมันพืช
111,พริกแกงเขียวหวานเจ
111,น้ำตาล
111,ผงปรุงรสเจ
111,กะทิ
111,น้ำปลาเจ
111,เกลือป่น
112,ชะอม
112,ไข่ไก่
112,น้ำปลา
112,น้ำมันพืช
113,ผักกาดชุนฉ่าย
113,น้ำเปล่า
113,โปรตีนเกษตร
113,น้ำมัน
113,ต้นหอมผักชี
113,พริกแห้ง
113,ตะไคร้
113,ผักชี
113,กะปิเจ
113,ปลาร้าเจ
113,หอมแเดง
113,กระเทียม
113,เกลือ
114,ไข่เป็ด
114,กะหล่ำปลี
114,เห็ดออรินจิ
114,รากผักชี
114,น้ำมันมะพร้าว
114,ซีอิ๊วขาว
114,ผงหญ้าหวาน
114,เกลือชมพู
114,น้ำมันหอยสูตรเจ
114,โป๊ยกั๊ก
114,น้ำเปล่า
115,พริกแกงมัสมั่นเจ
115,มันฝรั่ง
115,แครอท
115,หอมหัวใหญ่
115,เกลือ
115,นมสด
115,น้ำตาล
115,น้ำเปล่า
115,หมูปรุงรสเจ
116,หัวไชโป๊
116,ไข่
116,กระเทียม
116,น้ำตาลทราย
116,ซีอิ๊วขาว
116,น้ำมัน
117,ข้าวกล้องควินัว
117,แปะก๊วย
117,ผักฟรีซ
117,เห็ดหอมแห้ง
117,เต้าหู้
117,กระเทียม
117,เครื่องปรุง
117,ซีอิ๊วเห็ดหอม
117,น้ำมันหอยLS
117,ซอสแม็กกี้ฝาเหลือง
117,พริกไทยขาว
118,ลูกชิ้นเจ
118,เห็ดหอม
118,หมูปรุงรสเจ
118,เห็ดเข็มทอง
118,พริกสด
118,ผักชี
118,น้ำตาล
118,ซีอิ๊วขาว
118,มะนาว
119,หัวปลีกล้วย
119,แป้งทอดกรอบ
119,กระเทียม
119,ถั่วงอก
119,เต้าหู้ขาว
119,น้ำเย็น
119,น้ำตาลทราย
119,เกลือ
119,ไข่ไก่
119,น้ำมันพืช
119,ต้นหอม
119,ผักชี
119,ซอสพริก
120,ดอกอัญชัน
120,มะเขือเจ้าพระยา
120,แครอท
120,โปรตีนเกษตร
120,น้ำกะทิ
120,ใบสะระแหน่
120,พริกขี้หนู
120,น้ำมะนาว
120,ซีอิ๊วขาว
120,น้ำตาลปี๊บ
120,น้ำพริกเผาเจ
121,เห็ดนางฟ้า
121,เห็ดหูหนู
121,เห็ดเข็มทอง
121,เห็ดหอม
121,เห็ดฟาง
121,ข้าวสวยไรซ์เบอร์รี่
121,ข้าวกล้อง
121,ข้าวเหนียว
121,กระเทียมไทย
121,เกลือป่น
121,ซีอิ๊วขาว
121,ผงปรุงรสเห็ดหอมฟ้าไทย
121,พริกขี้หนูสวน
122,เห็ด
122,น้ำพริกเผาเจ
122,น้ำตาลปี๊บ
122,ซีอิ๊วขาว
122,น้ำมะนาว
122,พริกสด
122,ตะไคร้
122,ใบมะกรูด
122,ใบสะระแหน่
123,เนื้อบดจากพืช
123,แครอท
123,เส้นฟูซิลี
123,มะเขือเทศ
123,ซอสมะเขือเทศ
123,หญ้าหวาน
123,น้ำตาล
123,กระเทียม
123,น้ำมันมะกอก
123,น้ำเปล่า
124,น้ำมันพืช
124,น้ำเปล่า
124,ซีอิ๊วขาว
124,มะเขือเจ้าพระยา
124,ถั่วฝักยาว
124,เห็ดหูหนู
124,ใบชะพลู
124,บวบ
124,มะเขือพวง
124,พริกขี้หนูสวน
124,ตำลึง
124,ผักชีใบเลื่อย
124,โปรตีนเกษตร
124,พริกแห้ง
124,กระเทียม
124,หอมแดง
124,กะปิเจ
124,ปลาร้าเจ
125,ข้าวสวย
125,เต้าหู้
125,ฟองเต้าหู้
125,ฟักทอง
125,น้ำเปล่า
125,ซีอิ๊วขาว
125,ผงปรุงรสผัก
125,คืนช่าย
125,ต้นหอม
125,ผักชี
125,กระเทียมเจียว
125,พริกไทยป่น
126,มันฝรั่ง
126,น้ำนมถั่วเหลือง
126,เกลือ
126,พริกไทย
126,ออริกาโน่
126,มอสซาเรลล่าชีสวีแกน
126,น้ำร้อน
126,น้ำส้มสายชูหมักจากแอปเปิ้ล
126,น้ำมันมะกอก
127,ไข่เป็ด
127,เห็ดชิเมจิขาว
127,เห็ดนางรมหลวง
127,มะเขือเทศ
127,หอมแดง
127,ตะไคร้
127,พริก
127,มะนาว
127,ใบมะกรูด
127,น้ำพริกเผาไทย
127,นมพิสตาชิโอ
127,น้ำตาลเทียม
127,น้ำปลาตราหอยหลอดฝาเขียว
127,น้ำมันมะกอก
128,หมี่ข้าวกล้อง
128,ข้าวหมากแดง
128,กวางตุ้ง
128,กะหล่ำปลี
128,ดอกเกลือ
128,ซีอิ๊วขาว
128,พริกทอด
128,กระเทียมเจียว
128,หอมใหญ่
128,ลูกชิ้นแคะมังสวิรัติ
129,เห็ดชิเมจิ
129,เห็ดฟาง
129,น้ำเปล่า
129,ผงปรุงรสเห็ดหอม
129,แครอท
129,รากผักชี
129,หอมแขก
129,พริกสับ
129,ซอสปรุงรสฝาเขียว
129,น้ำมะนาวคั้นสด
129,ผักชีใบเลื่อย
129,ขึ้นฉ่าย
130,เต้าหู้โมเมน
130,เห็ดชิเมจิ
130,แครอท
130,ซีอิ๊วขาว
130,ซอสเทอริยากิ
130,ซอสข้นเห็ดหอม
130,น้ำเปล่า
130,น้ำมัน
131,เต้าหู้แผ่น
131,น้ำมันพืช
131,หอมแดงซอย
131,ผักชีใบเลื่อย
131,ใบสะระแหน่
131,น้ำมะนาว
131,ซีอิ๊วขาว
131,พริกป่น
131,ข้าวคั่วป่น
131,ขมิ้นผง
131,ถั่งลิสง
132,โปรตีนเกษตรชนิดแผ่นสี่เหลี่ยม
132,ซีอิ๊วขาว
132,ซอสเห็ดข้น
132,ไข่ไก่
132,เกล็ดขนมปัง
132,ผักสลัดมิกซ์
132,น้ำสลัด
133,เต้าหู้อ่อน
133,กะทิ
133,พริกสด
133,น้ำตาลปี๊บ
133,ซีอิ๊วขาว
133,หอมแดง
133,ตะไคร้
133,หัวข่า
134,ไข่เค็ม
134,พาสต้า
134,ซอสเห็ดหอม
134,แป้งทอดกรอบ
134,น้ำตาล
134,ซีอิ๊วขาว
134,นมคาเนชัน
134,แครอท
134,มะเขือเทศ
134,กระเทียม
134,เนย
135,กะหล่ำปลี
135,มะเขือเทศเล็ก
135,หัวหอมใหญ่
135,แครอท
135,ผักชี
135,ต้นหอม
135,ซีอิ๊วขาว
136,ปลาเค็มเจ
136,หมูยอเจ
136,หอมแดง
136,กระเทียมจีน
136,ต้นหอม
136,ผักชี
136,ยี่หร่า
136,สะระแหน่
136,พริกสด
136,ตะไคร้
136,น้ำตาล
136,ซีอิ๊ว
136,มะนาว
136,ผงปรุง
137,พริกแดงสด
137,หอมแดงแห้ง
137,กระเทียม
137,มะขามเปียก
137,ผงปรุงรสเห็ดหอมเจ
137,น้ำร้อน
138,ยอดมะพร้าว
138,ลูกชิ้น
138,กะทิ
138,พริกแกงใต้
138,เกลือ
138,ผงปรุงรสเห็ดหอม
138,น้ำตาลทราย
138,พริกชี้ฟ้าสด
138,ใบโหระพา
139,หน่อไม้ต้ม
139,ไข่ไก่
139,น้ำมัน
139,เกลือ
139,น้ำตาล
139,ซีอิ๊ว
139,น้ำเปล่า
140,หมูสามชั้น
140,กะหล่ำปลี
140,หัวไชเท้า
140,เห็ดหอม
140,ขึ้นช่าย
140,คะน้า
140,กวางตุ้ง
140,กระเทียมจีน
140,ซุปก้อนคนอร์
140,เกลือป่น
140,ซีอิ๊วขาว
140,น้ำมันหอย
140,ซอสปรุงรสฝาเขียว
140,น้ำตาลกรวด
140,ซีอิ๊วดำหวาน
140,น้ำมันพืช
140,น้ำเปล่า